<?xml version="1.0" encoding="utf-8"?>
<eml:eml xmlns:eml="https://eml.ecoinformatics.org/eml-2.2.0" xmlns:xsi="http://www.w3.org/2001/XMLSchema-instance"
         xsi:schemaLocation="https://eml.ecoinformatics.org/eml-2.2.0 https://rs.gbif.org/schema/eml-gbif-profile/1.3/eml.xsd"
packageId="147133d0-6ff7-11db-b2a6-b8a03c50a862"  system="http://gbif.org" scope="system"
xml:lang="en">
    <dataset>
        <alternateIdentifier>10.15468/lec3nq</alternateIdentifier>
        <alternateIdentifier>http://ipt.gbif.pl:8080/resource?r=uw_ze_turew</alternateIdentifier>
        <alternateIdentifier>147133d0-6ff7-11db-b2a6-b8a03c50a862</alternateIdentifier>
        <alternateIdentifier>1505</alternateIdentifier>
        <title>Small Mammal Research Database</title>
        <creator>
            <individualName>
                <givenName>Tomasz</givenName>
                <surName>Gortat</surName>
            </individualName>
            <organizationName>University of Warsaw, Dept. of Ecology</organizationName>
            <address>
                <country>POLAND</country>
            </address>
            <electronicMailAddress>tomgo@biol.uw.edu.pl</electronicMailAddress>
            <onlineUrl>http://www.ksib.pl/index.php?id=0&amp;ln=en</onlineUrl>
        </creator>
        <metadataProvider>
            <individualName>
                <givenName>Tomasz</givenName>
                <surName>Gortat</surName>
            </individualName>
            <organizationName>University of Warsaw, Dept. of Ecology</organizationName>
            <address>
                <country>POLAND</country>
            </address>
            <electronicMailAddress>tomgo@biol.uw.edu.pl</electronicMailAddress>
            <onlineUrl>http://www.ksib.pl/index.php?id=0&amp;ln=en</onlineUrl>
        </metadataProvider>
        <associatedParty>
            <individualName>
                <givenName>Tomasz</givenName>
                <surName>Gortat</surName>
            </individualName>
            <electronicMailAddress>tomgo@biol.uw.edu.pl</electronicMailAddress>
            <role>USER</role>
        </associatedParty>
        <pubDate>
                2017-12-14
        </pubDate>
        <language>ENGLISH</language>
        <abstract>
            This is a part of a research database of Dept. of Ecology, containing results of a study of ecology of small mammals. The material has been collected in the western-central part of Poland close to the of village Turew. The area is mainly of agricultural character, where woodlots are sorrouned by extensive crop fields. The study area involved six woodlots of diferent size (from 1,5 ha to 9,5 ha) and isolation, varying in distance to neighboring forest patches from 5 m to approximately 900 m. To estimate the effects of spatial distibution and variability habitat patches in a landscape on population dynamics of small rodents the CMR (catch-mark-release) method was used. Thirteen trapping sessions, five day each, have been made during three years (1995 to 1997) of studies. References: Kozakiewicz M., Gortat T., Kozakiewicz A., Barkowska M. 1999. Effects of habitat fragmentation on four rodents species in a Polish farm landscape. Landscape Ecol. 14:391-400 and Kozakiewicz M., van Apeldoorn R., Bergers P., Gortat T., Kozakiewicz A. 2000. Landscape approach to bank vole ecology. Pol. J. Ecol. 48:149-161.
        </abstract>
        <keywordSet>
            <keyword>Occurrence</keyword>
            <keywordThesaurus>GBIF Dataset Type Vocabulary: http://rs.gbif.org/vocabulary/gbif/dataset_type.xml</keywordThesaurus>
        </keywordSet>
        <keywordSet>
            <keyword>Specimen</keyword>
            <keywordThesaurus>GBIF Dataset Subtype Vocabulary: http://rs.gbif.org/vocabulary/gbif/dataset_subtype.xml</keywordThesaurus>
        </keywordSet>
        <intellectualRights>
            <para>This work is licensed under a <ulink url="http://creativecommons.org/licenses/by-nc/4.0/legalcode"><citetitle>Creative Commons Attribution Non Commercial (CC-BY-NC) 4.0 License</citetitle></ulink>.</para>
        </intellectualRights>
        <licensed>
            <licenseName>Creative Commons Attribution Non Commercial 4.0 International</licenseName>
            <url>https://spdx.org/licenses/CC-BY-NC-4.0.html</url>
            <identifier>CC-BY-NC-4.0</identifier>
        </licensed>
        <distribution scope="document">
            <online>
                <url function="download">https://ipt.gbif.pl/archive.do?r=uw_ze_turew</url>
            </online>
        </distribution>
        <maintenance>
            <description>
                <para></para>
            </description>
            <maintenanceUpdateFrequency>unkown</maintenanceUpdateFrequency>
        </maintenance>
        <contact>
            <individualName>
                <givenName>Tomasz</givenName>
                <surName>Gortat</surName>
            </individualName>
            <organizationName>University of Warsaw, Dept. of Ecology</organizationName>
            <address>
                <country>POLAND</country>
            </address>
            <electronicMailAddress>tomgo@biol.uw.edu.pl</electronicMailAddress>
            <onlineUrl>http://www.ksib.pl/index.php?id=0&amp;ln=en</onlineUrl>
        </contact>

    </dataset>

    <additionalMetadata>
        <metadata>
            <gbif>
                <dateStamp>2025-02-13T18:20:31Z</dateStamp>
                <citation>Gortat T (2017). Small Mammal Research Database. University of Warsaw, Dept. of Ecology. Occurrence dataset https://doi.org/10.15468/lec3nq accessed via GBIF.org on 2025-02-13.</citation>
            </gbif>
        </metadata>
    </additionalMetadata>
    </eml:eml>
