<?xml version="1.0" encoding="utf-8"?>
<eml:eml xmlns:eml="https://eml.ecoinformatics.org/eml-2.2.0" xmlns:xsi="http://www.w3.org/2001/XMLSchema-instance"
         xsi:schemaLocation="https://eml.ecoinformatics.org/eml-2.2.0 https://rs.gbif.org/schema/eml-gbif-profile/1.3/eml.xsd"
packageId="1933e8e0-3331-11de-8db8-b8a03c50a862"  system="http://gbif.org" scope="system"
xml:lang="en">
    <dataset>
        <alternateIdentifier>10.15468/f0tuuw</alternateIdentifier>
        <alternateIdentifier>http://ipt.gbif.pl:8080/resource?r=pan_isez_mammalia</alternateIdentifier>
        <alternateIdentifier>1933e8e0-3331-11de-8db8-b8a03c50a862</alternateIdentifier>
        <alternateIdentifier>8330</alternateIdentifier>
        <title>Mammalia Collection of Institute of Systematics and Evolution of Animals</title>
        <creator>
            <individualName>
                <givenName>Barbara</givenName>
                <surName>Miękina</surName>
            </individualName>
            <organizationName>Institute of Systematics and Evolution of Animals, Polish Academy of Sciences</organizationName>
            <address>
                <country>POLAND</country>
            </address>
            <electronicMailAddress>miekina@isez.pan.krakow.pl</electronicMailAddress>
            <onlineUrl>http://www.isez.pan.krakow.pl/index.html</onlineUrl>
        </creator>
        <metadataProvider>
            <individualName>
                <givenName>Barbara</givenName>
                <surName>Miękina</surName>
            </individualName>
            <organizationName>Institute of Systematics and Evolution of Animals, Polish Academy of Sciences</organizationName>
            <address>
                <country>POLAND</country>
            </address>
            <electronicMailAddress>miekina@isez.pan.krakow.pl</electronicMailAddress>
            <onlineUrl>http://www.isez.pan.krakow.pl/index.html</onlineUrl>
        </metadataProvider>
        <associatedParty>
            <individualName>
                <givenName>Barbara</givenName>
                <surName>Miękina</surName>
            </individualName>
            <electronicMailAddress>miekina@isez.pan.krakow.pl</electronicMailAddress>
            <role>USER</role>
        </associatedParty>
        <pubDate>
                2017-12-15
        </pubDate>
        <language>ENGLISH</language>
        <abstract>
            The database contains information about zoological collection of Institute of Systematics and Evolution of Animals Polish Academy of Sciences in Kraków.
        </abstract>
        <keywordSet>
            <keyword>Occurrence</keyword>
            <keywordThesaurus>GBIF Dataset Type Vocabulary: http://rs.gbif.org/vocabulary/gbif/dataset_type.xml</keywordThesaurus>
        </keywordSet>
        <keywordSet>
            <keyword>Specimen</keyword>
            <keywordThesaurus>GBIF Dataset Subtype Vocabulary: http://rs.gbif.org/vocabulary/gbif/dataset_subtype.xml</keywordThesaurus>
        </keywordSet>
        <intellectualRights>
            <para>This work is licensed under a <ulink url="http://creativecommons.org/licenses/by-nc/4.0/legalcode"><citetitle>Creative Commons Attribution Non Commercial (CC-BY-NC) 4.0 License</citetitle></ulink>.</para>
        </intellectualRights>
        <licensed>
            <licenseName>Creative Commons Attribution Non Commercial 4.0 International</licenseName>
            <url>https://spdx.org/licenses/CC-BY-NC-4.0.html</url>
            <identifier>CC-BY-NC-4.0</identifier>
        </licensed>
        <distribution scope="document">
            <online>
                <url function="download">https://ipt.gbif.pl/archive.do?r=pan_isez_mammalia</url>
            </online>
        </distribution>
        <maintenance>
            <description>
                <para></para>
            </description>
            <maintenanceUpdateFrequency>unkown</maintenanceUpdateFrequency>
        </maintenance>
        <contact>
            <individualName>
                <givenName>Barbara</givenName>
                <surName>Miękina</surName>
            </individualName>
            <organizationName>Institute of Systematics and Evolution of Animals, Polish Academy of Sciences</organizationName>
            <address>
                <country>POLAND</country>
            </address>
            <electronicMailAddress>miekina@isez.pan.krakow.pl</electronicMailAddress>
            <onlineUrl>http://www.isez.pan.krakow.pl/index.html</onlineUrl>
        </contact>

    </dataset>

    <additionalMetadata>
        <metadata>
            <gbif>
                <dateStamp>2025-02-13T18:20:15Z</dateStamp>
                <citation>Miękina B (2017). Mammalia Collection of Institute of Systematics and Evolution of Animals. Institute of Systematics and Evolution of Animals, Polish Academy of Sciences. Occurrence dataset https://doi.org/10.15468/f0tuuw accessed via GBIF.org on 2025-02-13.</citation>
            </gbif>
        </metadata>
    </additionalMetadata>
    </eml:eml>
