<?xml version="1.0" encoding="utf-8"?>
<eml:eml xmlns:eml="https://eml.ecoinformatics.org/eml-2.2.0" xmlns:xsi="http://www.w3.org/2001/XMLSchema-instance"
         xsi:schemaLocation="https://eml.ecoinformatics.org/eml-2.2.0 https://rs.gbif.org/schema/eml-gbif-profile/1.3/eml.xsd"
packageId="1e4180fe-8864-4c82-afaf-ad8a82cd76db"  system="http://gbif.org" scope="system"
xml:lang="en">
    <dataset>
        <alternateIdentifier>10.15468/p75y3v</alternateIdentifier>
        <alternateIdentifier>https://ipt.vertnet.org/resource?r=umzm_mamm</alternateIdentifier>
        <alternateIdentifier>1e4180fe-8864-4c82-afaf-ad8a82cd76db</alternateIdentifier>
        <alternateIdentifier>http://ipt.vertnet.org:8080/ipt/resource?r=umzm_mamm</alternateIdentifier>
        <title>University of Montana Zoological Museum (UMZM) Mammal Specimens (Arctos)</title>
        <creator>
            <individualName>
                <givenName>Angela</givenName>
                <surName>Hornsby</surName>
            </individualName>
            <organizationName>University of Montana Philip L. Wright Zoological Museum</organizationName>
            <positionName>Curator</positionName>
            <address>
                <deliveryPoint>DBS Health Sciences 104, University of Montana, 32 Campus Drive</deliveryPoint>
                <city>Missoula</city>
                <administrativeArea>Montana</administrativeArea>
                <postalCode>59812</postalCode>
                <country>UNITED_STATES</country>
            </address>
            <phone>1-406-243-4743</phone>
            <electronicMailAddress>angela.hornsby@mso.umt.edu</electronicMailAddress>
            <onlineUrl>https://www.umt.edu/zoological-museum/</onlineUrl>
            <userId directory="http://orcid.org/">0000-0003-0927-2101</userId>
        </creator>
        <metadataProvider>
            <individualName>
                <givenName>Angela</givenName>
                <surName>Hornsby</surName>
            </individualName>
            <organizationName>University of Montana Philip L. Wright Zoological Museum</organizationName>
            <positionName>Curator</positionName>
            <address>
                <deliveryPoint>DBS Health Sciences 104, University of Montana, 32 Campus Drive</deliveryPoint>
                <city>Missoula</city>
                <administrativeArea>Montana</administrativeArea>
                <postalCode>59812</postalCode>
                <country>UNITED_STATES</country>
            </address>
            <phone>1-406-243-4743</phone>
            <electronicMailAddress>angela.hornsby@mso.umt.edu</electronicMailAddress>
            <onlineUrl>https://www.umt.edu/zoological-museum/</onlineUrl>
            <userId directory="http://orcid.org/">0000-0003-0927-2101</userId>
        </metadataProvider>
        <associatedParty>
            <individualName>
                <givenName>David</givenName>
                <surName>Bloom</surName>
            </individualName>
            <organizationName>VertNet</organizationName>
            <positionName>VertNet Coordinator</positionName>
            <electronicMailAddress>dbloom@vertnet.org</electronicMailAddress>
            <onlineUrl>http://www.vertnet.org</onlineUrl>
            <role>PROGRAMMER</role>
        </associatedParty>
        <associatedParty>
            <individualName>
                <givenName>John</givenName>
                <surName>Wieczorek</surName>
            </individualName>
            <organizationName>VertNet</organizationName>
            <positionName>Information Architect</positionName>
            <electronicMailAddress>tuco@berkeley.edu</electronicMailAddress>
            <onlineUrl>http://www.vertnet.org</onlineUrl>
            <role>PROGRAMMER</role>
        </associatedParty>
        <pubDate>
                2024-12-30
        </pubDate>
        <language>ENGLISH</language>
        <abstract>
            <para>The Mammal collection at UMZM consists of nearly 16,000 mammal specimens, including skins, skeletons, and frozen tissues. The majority of material was collected from 1900 to the present and represents Northern Rocky Mountain biodiversity. However, there are also several special collections including small mammals from China, Peru, and the former USSR.</para>
        </abstract>
        <keywordSet>
            <keyword>Occurrence</keyword>
            <keywordThesaurus>GBIF Dataset Type Vocabulary: http://rs.gbif.org/vocabulary/gbif/dataset_type.xml</keywordThesaurus>
        </keywordSet>
        <keywordSet>
            <keyword>Specimen</keyword>
            <keywordThesaurus>GBIF Dataset Type Vocabulary: http://rs.gbif.org/vocabulary/gbif/dataset_type.xml</keywordThesaurus>
        </keywordSet>
        <keywordSet>
            <keyword>Occurrence</keyword>
            <keywordThesaurus>GBIF Dataset Type Vocabulary: http://rs.gbif.org/vocabulary/gbif/dataset_type_2015-07-10.xml</keywordThesaurus>
        </keywordSet>
        <keywordSet>
            <keyword>Specimen</keyword>
            <keywordThesaurus>GBIF Dataset Subtype Vocabulary: http://rs.gbif.org/vocabulary/gbif/dataset_subtype.xml</keywordThesaurus>
        </keywordSet>
        <additionalInfo>
            <para>Arctos Data Ownership and Use: http://arctosdb.org/home/data/; http://vertnet.org/resources/norms.html</para>
        </additionalInfo>
        <intellectualRights>
            <para>This work is licensed under a <ulink url="http://creativecommons.org/licenses/by/4.0/legalcode"><citetitle>Creative Commons Attribution (CC-BY) 4.0 License</citetitle></ulink>.</para>
        </intellectualRights>
        <licensed>
            <licenseName>Creative Commons Attribution 4.0 International</licenseName>
            <url>https://spdx.org/licenses/CC-BY-4.0.html</url>
            <identifier>CC-BY-4.0</identifier>
        </licensed>
        <distribution scope="document">
            <online>
                <url function="information">https://www.umt.edu/zoological-museum/</url>
            </online>
        </distribution>
        <distribution scope="document">
            <online>
                <url function="download">http://ipt.vertnet.org:8080/ipt/archive.do?r=umzm_mamm</url>
            </online>
        </distribution>
        <coverage>
            <geographicCoverage>
                <geographicDescription>Primarily Montana and the US northern Rocky Mountain region</geographicDescription>
                <boundingCoordinates>
                    <westBoundingCoordinate>-121</westBoundingCoordinate>
                    <eastBoundingCoordinate>-103</eastBoundingCoordinate>
                    <northBoundingCoordinate>54</northBoundingCoordinate>
                    <southBoundingCoordinate>41</southBoundingCoordinate>
                </boundingCoordinates>
            </geographicCoverage>
            <taxonomicCoverage>
                <generalTaxonomicCoverage>Mammals primarily from Montana and the US northern Rocky Mountain region</generalTaxonomicCoverage>
                <taxonomicClassification>
                    <taxonRankName>Class</taxonRankName>
                    <taxonRankValue>Mammalia</taxonRankValue>
                </taxonomicClassification>
            </taxonomicCoverage>
        </coverage>
        <purpose><para>The Mammal collection is used primarily for research, but also for teaching and outreach as relevant.</para></purpose>
        <maintenance>
            <description>
                <para></para>
            </description>
            <maintenanceUpdateFrequency>monthly</maintenanceUpdateFrequency>
        </maintenance>
        <contact>
            <individualName>
                <givenName>Angela</givenName>
                <surName>Hornsby</surName>
            </individualName>
            <organizationName>University of Montana Philip L. Wright Zoological Museum</organizationName>
            <positionName>Curator</positionName>
            <address>
                <deliveryPoint>DBS Health Sciences 104, University of Montana, 32 Campus Drive</deliveryPoint>
                <city>Missoula</city>
                <administrativeArea>Montana</administrativeArea>
                <postalCode>59812</postalCode>
                <country>UNITED_STATES</country>
            </address>
            <phone>1-406-243-4743</phone>
            <electronicMailAddress>angela.hornsby@mso.umt.edu</electronicMailAddress>
            <onlineUrl>https://www.umt.edu/zoological-museum/</onlineUrl>
            <userId directory="http://orcid.org/">0000-0003-0927-2101</userId>
        </contact>

    </dataset>

    <additionalMetadata>
        <metadata>
            <gbif>
                <dateStamp>2025-02-13T18:19:51Z</dateStamp>
                <citation>Hornsby A (2024). University of Montana Zoological Museum (UMZM) Mammal Specimens (Arctos). Version 1.23. Philip L. Wright Zoological Museum. Occurrence dataset https://doi.org/10.15468/p75y3v accessed via GBIF.org on 2025-02-13.</citation>
                <resourceLogoUrl>https://commons.wikimedia.org/wiki/File:University_of_Montana_logo.png#/media/File:University_of_Montana_logo.png</resourceLogoUrl>
                <collection>
                    <parentCollectionIdentifier>UMZM</parentCollectionIdentifier>
                    <collectionIdentifier>https://arctos.database.museum/collection/UMZM:Mamm</collectionIdentifier>
                    <collectionName>University of Montana Zoological Museum (UMZM) Mammal specimens</collectionName>
                </collection>
                <livingTimePeriod>1900 - present, with a few older specimens</livingTimePeriod>
            </gbif>
        </metadata>
    </additionalMetadata>
    </eml:eml>
