<?xml version="1.0" encoding="utf-8"?>
<eml:eml xmlns:eml="https://eml.ecoinformatics.org/eml-2.2.0" xmlns:xsi="http://www.w3.org/2001/XMLSchema-instance"
         xsi:schemaLocation="https://eml.ecoinformatics.org/eml-2.2.0 https://rs.gbif.org/schema/eml-gbif-profile/1.3/eml.xsd"
packageId="20c61fa5-80fd-42f8-bf78-c6aec17d229b"  system="http://gbif.org" scope="system"
xml:lang="en">
    <dataset>
        <alternateIdentifier>10.15468/7vpuhc</alternateIdentifier>
        <alternateIdentifier>20c61fa5-80fd-42f8-bf78-c6aec17d229b</alternateIdentifier>
        <alternateIdentifier>https://registry.nbnatlas.org/public/show/dr2582</alternateIdentifier>
        <alternateIdentifier>69fbf48a-1c36-33fb-9b11-f18f0d8d2192</alternateIdentifier>
        <title>Yorkshire Wildlife Trust - Records</title>
        <creator>
            <organizationName>Yorkshire Wildlife Trust</organizationName>
        </creator>
        <metadataProvider>
            <organizationName>Yorkshire Wildlife Trust</organizationName>
        </metadataProvider>
        <associatedParty>
            <organizationName>NBN Atlas</organizationName>
            <address>
                <deliveryPoint>27 Old Gloucester St, Holborn</deliveryPoint>
                <city>London</city>
                <administrativeArea>London</administrativeArea>
                <postalCode>WC1N 3AX</postalCode>
                <country>UNITED_KINGDOM</country>
            </address>
            <electronicMailAddress>admin@nbnatlas.org</electronicMailAddress>
            <role>DISTRIBUTOR</role>
        </associatedParty>
        <pubDate>
                2024-12-09
        </pubDate>
        <language>ENGLISH</language>
        <abstract>
            <para>Records generated by Yorkshire Wildlife Trust staff and volunteers, and public records submitted to YWT. Geographic range predominantly across Sheffield and Rotherham area. Dataset includes: Public casual records, YWT casual records, YWT monitoring and surveying records.</para>
        </abstract>
        <intellectualRights>
            <para>This work is licensed under a <ulink url="http://creativecommons.org/licenses/by/4.0/legalcode"><citetitle>Creative Commons Attribution (CC-BY) 4.0 License</citetitle></ulink>.</para>
        </intellectualRights>
        <licensed>
            <licenseName>Creative Commons Attribution 4.0 International</licenseName>
            <url>https://spdx.org/licenses/CC-BY-4.0.html</url>
            <identifier>CC-BY-4.0</identifier>
        </licensed>
        <distribution scope="document">
            <online>
                <url function="information">https://registry.nbnatlas.org/public/show/dr2582</url>
            </online>
        </distribution>
        <distribution scope="document">
            <online>
                <url function="download">https://registry.nbnatlas.org/archives/dr2582/dr2582.zip</url>
            </online>
        </distribution>
        <purpose>&lt;para/&gt;</purpose>
        <contact>
            <individualName>
                <givenName>Yorkshire</givenName>
                <surName>Wildlife Trust</surName>
            </individualName>
            <electronicMailAddress>info@ywt.org.uk</electronicMailAddress>
        </contact>

    </dataset>

    <additionalMetadata>
        <metadata>
            <gbif>
                <dateStamp>2025-02-13T18:20:27Z</dateStamp>
                <citation>Yorkshire Wildlife Trust (2024). Yorkshire Wildlife Trust - Records. Occurrence dataset https://doi.org/10.15468/7vpuhc accessed via GBIF.org on 2025-02-13.</citation>
                <resourceLogoUrl>https://registry.nbnatlas.org/data/dataProvider/Yorkshire+WT.jpg</resourceLogoUrl>
            </gbif>
        </metadata>
    </additionalMetadata>
    </eml:eml>
