<?xml version="1.0" encoding="utf-8"?>
<eml:eml xmlns:eml="https://eml.ecoinformatics.org/eml-2.2.0" xmlns:xsi="http://www.w3.org/2001/XMLSchema-instance"
         xsi:schemaLocation="https://eml.ecoinformatics.org/eml-2.2.0 https://rs.gbif.org/schema/eml-gbif-profile/1.3/eml.xsd"
packageId="3a6c6f19-6ae6-48c7-9f41-b699380d97fb"  system="http://gbif.org" scope="system"
xml:lang="en">
    <dataset>
        <alternateIdentifier>10.15468/jssx9p</alternateIdentifier>
        <alternateIdentifier>https://ukraine.ipt.gbif.no/resource?r=charlemagnefauna</alternateIdentifier>
        <alternateIdentifier>https://cloud.gbif.org/eca/resource?r=charlemagnefauna</alternateIdentifier>
        <alternateIdentifier>3a6c6f19-6ae6-48c7-9f41-b699380d97fb</alternateIdentifier>
        <alternateIdentifier>https://gbif.univer.kharkov.ua/resource?r=charlemagnefauna</alternateIdentifier>
        <title>Records of birds and mammals from nature reserve &quot;Koncha-Zaspa&quot; in literature resources authored by Mykola Charlemagne</title>
        <creator>
            <individualName>
                <givenName>Igor</givenName>
                <surName>Sirenko</surName>
            </individualName>
            <organizationName>Ukrainian Nature Conservation Group</organizationName>
            <positionName>naturalist</positionName>
            <address>
                <country>UKRAINE</country>
            </address>
        </creator>
        <creator>
            <individualName>
                <givenName>Olexiy</givenName>
                <surName>Vasyliuk</surName>
            </individualName>
            <organizationName>I. I. Schmalhausen Institute of Zoology NAS of Ukraine</organizationName>
            <positionName>junior researcher</positionName>
            <address>
                <deliveryPoint>Vul. B. Khmelnytskogo, 15</deliveryPoint>
                <city>Kyiv</city>
                <postalCode>01030</postalCode>
                <country>UKRAINE</country>
            </address>
            <electronicMailAddress>vasyliuk@gmail.com</electronicMailAddress>
        </creator>
        <creator>
            <individualName>
                <givenName>Oleksii</givenName>
                <surName>Marushchak</surName>
            </individualName>
            <organizationName>I. I. Schmalhausen Institute of Zoology NAS of Ukraine</organizationName>
            <positionName>junior researcher</positionName>
            <address>
                <deliveryPoint>Vul. B. Khmelnytskogo, 15</deliveryPoint>
                <city>Kyiv</city>
                <postalCode>01030</postalCode>
                <country>UKRAINE</country>
            </address>
            <phone>+380964882670</phone>
            <electronicMailAddress>ecopelobates@gmail.com</electronicMailAddress>
            <userId directory="http://orcid.org/">0000-0001-9380-5593</userId>
        </creator>
        <metadataProvider>
            <individualName>
                <givenName>Olexiy</givenName>
                <surName>Vasyliuk</surName>
            </individualName>
            <organizationName>I. I. Schmalhausen Institute of Zoology NAS of Ukraine</organizationName>
            <positionName>junior researcher</positionName>
            <address>
                <deliveryPoint>Vul. B. Khmelnytskogo, 15</deliveryPoint>
                <city>Kyiv</city>
                <postalCode>01030</postalCode>
                <country>UKRAINE</country>
            </address>
            <electronicMailAddress>vasyliuk@gmail.com</electronicMailAddress>
        </metadataProvider>
        <associatedParty>
            <individualName>
                <givenName>Oleksii</givenName>
                <surName>Marushchak</surName>
            </individualName>
            <organizationName>I. I. Schmalhausen Institute of Zoology NAS of Ukraine</organizationName>
            <positionName>junior researcher</positionName>
            <address>
                <deliveryPoint>Vul. B. Khmelnytskogo, 15</deliveryPoint>
                <city>Kyiv</city>
                <postalCode>01030</postalCode>
                <country>UKRAINE</country>
            </address>
            <phone>+380964882670</phone>
            <electronicMailAddress>ecopelobates@gmail.com</electronicMailAddress>
            <userId directory="http://orcid.org/">0000-0001-9380-5593</userId>
            <role>PROGRAMMER</role>
        </associatedParty>
        <pubDate>
                2022-08-29
        </pubDate>
        <language>ENGLISH</language>
        <abstract>
            The dataset consists of records of birds and mammals species puplished in literature resources authored by Mykola Charlemagne, namely results of the studies of the birds mammals from the nature reserve &amp;#34;Koncha-Zaspa&amp;#34; in the Middle Dnieper valley. The reserve existed in the vicinity of Kyiv from 1921 to 1934. The dataset also includes information on bird finds made by reserve workers in other locations. It is important to note that the dataset also includes data on mammals, but information about them was collected by the author (Mykola Charlemagne) mainly by analyzing the feces of birds. Additionally actual observations of mammals were included as well. Moreover, the dataset has two registrations from Cherkasy and Kherson regions.
        </abstract>
        <keywordSet>
            <keyword>iodiversity</keyword>
            <keyword>registrations</keyword>
            <keyword>mammals</keyword>
            <keyword>Charlemagne</keyword>
            <keyword>Ukraine</keyword>
            <keyword>Kyiv</keyword>
            <keyword>birds</keyword>
            <keyword>Occurrence</keyword>
            <keyword>Koncha-Zaspa</keyword>
            <keywordThesaurus>GBIF Dataset Type Vocabulary: http://rs.gbif.org/vocabulary/gbif/dataset_type.xml</keywordThesaurus>
        </keywordSet>
        <keywordSet>
            <keyword>Occurrence</keyword>
            <keywordThesaurus>GBIF Dataset Type Vocabulary: http://rs.gbif.org/vocabulary/gbif/dataset_type_2015-07-10.xml</keywordThesaurus>
        </keywordSet>
        <intellectualRights>
            <para>This work is licensed under a <ulink url="http://creativecommons.org/licenses/by/4.0/legalcode"><citetitle>Creative Commons Attribution (CC-BY) 4.0 License</citetitle></ulink>.</para>
        </intellectualRights>
        <licensed>
            <licenseName>Creative Commons Attribution 4.0 International</licenseName>
            <url>https://spdx.org/licenses/CC-BY-4.0.html</url>
            <identifier>CC-BY-4.0</identifier>
        </licensed>
        <distribution scope="document">
            <online>
                <url function="download">https://ukraine.ipt.gbif.no/archive.do?r=charlemagnefauna</url>
            </online>
        </distribution>
        <coverage>
            <geographicCoverage>
                <geographicDescription>The dataset consists of registration points from Kyiv, Kherson and Cherkasy regions of Ukraine.</geographicDescription>
                <boundingCoordinates>
                    <westBoundingCoordinate>29.246</westBoundingCoordinate>
                    <eastBoundingCoordinate>35.101</eastBoundingCoordinate>
                    <northBoundingCoordinate>51.502</northBoundingCoordinate>
                    <southBoundingCoordinate>45.699</southBoundingCoordinate>
                </boundingCoordinates>
            </geographicCoverage>
            <temporalCoverage>
                <rangeOfDates>
                    <beginDate>
                        <calendarDate>                1900-01-26
</calendarDate>
                    </beginDate>
                    <endDate>
                        <calendarDate>                1938-04-01
</calendarDate>
                    </endDate>
                </rangeOfDates>
            </temporalCoverage>
            <taxonomicCoverage>
                <generalTaxonomicCoverage>Dataset consists of records of mammals and birds.</generalTaxonomicCoverage>
                <taxonomicClassification>
                    <taxonRankName>Kingdom</taxonRankName>
                    <taxonRankValue>Animalia</taxonRankValue>
                </taxonomicClassification>
                <taxonomicClassification>
                    <taxonRankName>Phylum</taxonRankName>
                    <taxonRankValue>Chordata</taxonRankValue>
                </taxonomicClassification>
                <taxonomicClassification>
                    <taxonRankName>Class</taxonRankName>
                    <taxonRankValue>Mammalia</taxonRankValue>
                </taxonomicClassification>
                <taxonomicClassification>
                    <taxonRankName>Class</taxonRankName>
                    <taxonRankValue>Aves</taxonRankValue>
                </taxonomicClassification>
            </taxonomicCoverage>
        </coverage>
        <maintenance>
            <description>
                <para></para>
            </description>
            <maintenanceUpdateFrequency>unkown</maintenanceUpdateFrequency>
        </maintenance>
        <contact>
            <individualName>
                <givenName>Olexiy</givenName>
                <surName>Vasyliuk</surName>
            </individualName>
            <organizationName>I. I. Schmalhausen Institute of Zoology NAS of Ukraine</organizationName>
            <positionName>junior researcher</positionName>
            <address>
                <deliveryPoint>Vul. B. Khmelnytskogo, 15</deliveryPoint>
                <city>Kyiv</city>
                <postalCode>01030</postalCode>
                <country>UKRAINE</country>
            </address>
            <electronicMailAddress>vasyliuk@gmail.com</electronicMailAddress>
        </contact>
        <methods>
            <methodStep>
                <description>
                    <para>Searching of information concerning species&apos; finds in literature resources published by Mykola Charlemagne.</para>
                </description>
            </methodStep>
            <methodStep>
                <description>
                    <para>Georeferencing was done according to the descriptions provided in the articles.</para>
                </description>
            </methodStep>
            <sampling>
                <studyExtent>
                    <description>
                        <para>Dataset consists of finds of birds and mammals from published literature resources.</para>
                    </description>
                </studyExtent>
                <samplingDescription>
                    <para>Data was obtained from published observations made by the author of several literature resources.</para>
                </samplingDescription>
            </sampling>
            <qualityControl>
                <description>
                    <para>The authors of the dataset are fully responsible for the quality of data published in it.</para>
                </description>
            </qualityControl>
        </methods>

    </dataset>

    <additionalMetadata>
        <metadata>
            <gbif>
                <dateStamp>2025-02-13T18:20:00Z</dateStamp>
                <citation>Sirenko I, Vasyliuk O, Marushchak O (2022). Records of birds and mammals from nature reserve &quot;Koncha-Zaspa&quot; in literature resources authored by Mykola Charlemagne. Version 1.4. Ukrainian Nature Conservation Group (NGO). Occurrence dataset https://doi.org/10.15468/jssx9p accessed via GBIF.org on 2025-02-13.</citation>
                <bibliography>
                <citation>Шарлемань М. Нові для орнітофавни Київщини птахи. Журнал біо-зоологічного циклу. Природничо-технічний відділ / ВУАН, 1932. №1/2. C. 85-86.</citation>
                <citation>Шарлемань М. Нові відомості про птахів Державного заповідника «Конча-Заспа». Збірник праць зоологічного музею, 1933. № 12. С. 75-80.</citation>
                <citation>Шарлемань М. Матеріали до фавни ссавців Київщини. Ссавці заповідника Конча-Заспа та його району. Збiрник праць Зоологiчного музею, 1933. №12. С. 57-73.</citation>
                <citation>Шарлемань, М. Матерiяли до орнiтологiї Державного заповiдника «Конча-Заспа». Збiрник праць Зоологiчного музею, 1930. №:8. С. 47-98.</citation>
                </bibliography>
            </gbif>
        </metadata>
    </additionalMetadata>
    </eml:eml>
