<?xml version="1.0" encoding="utf-8"?>
<eml:eml xmlns:eml="https://eml.ecoinformatics.org/eml-2.2.0" xmlns:xsi="http://www.w3.org/2001/XMLSchema-instance"
         xsi:schemaLocation="https://eml.ecoinformatics.org/eml-2.2.0 https://rs.gbif.org/schema/eml-gbif-profile/1.3/eml.xsd"
packageId="41fc5c40-5e81-496f-9733-6b5681b3b7a5"  system="http://gbif.org" scope="system"
xml:lang="en">
    <dataset>
        <alternateIdentifier>10.15468/n4zgxw</alternateIdentifier>
        <alternateIdentifier>https://fmipt.fieldmuseum.org/ipt/resource?r=fmnh_mammals</alternateIdentifier>
        <alternateIdentifier>http://fmipt.fieldmuseum.org:8080/ipt/resource?r=fmnh_mammals</alternateIdentifier>
        <alternateIdentifier>http://fmipt.fieldmuseum.org:8080/ipt/resource.do?r=fmnh_mammals</alternateIdentifier>
        <alternateIdentifier>41fc5c40-5e81-496f-9733-6b5681b3b7a5</alternateIdentifier>
        <alternateIdentifier>14349</alternateIdentifier>
        <title>Field Museum of Natural History (Zoology) Mammal Collection</title>
        <creator>
            <individualName>
                <givenName>Sharon</givenName>
                <surName>Grant</surName>
            </individualName>
            <organizationName>Field Museum of Natural History</organizationName>
            <positionName>Technology Liaison to Science</positionName>
            <address>
                <deliveryPoint>1400 S Lake Shore Drive</deliveryPoint>
                <city>Chicago</city>
                <administrativeArea>IL</administrativeArea>
                <postalCode>60605</postalCode>
                <country>UNITED_STATES</country>
            </address>
            <phone>3126657203</phone>
            <electronicMailAddress>sgrant@fieldmuseum.org</electronicMailAddress>
            <onlineUrl>http://www.fieldmuseum.org</onlineUrl>
            <userId directory="https://orcid.org/">0000-0002-0201-732X</userId>
        </creator>
        <creator>
            <individualName>
                <givenName>Kate</givenName>
                <surName>Webbink</surName>
            </individualName>
            <organizationName>Field Museum of Natural History</organizationName>
            <positionName>Information Specialist</positionName>
            <address>
                <deliveryPoint>1400 S Lake Shore Drive</deliveryPoint>
                <city>Chicago</city>
                <administrativeArea>IL</administrativeArea>
                <postalCode>60605</postalCode>
                <country>UNITED_STATES</country>
            </address>
            <userId directory="https://orcid.org/">0000-0002-8347-0942</userId>
        </creator>
        <creator>
            <individualName>
                <givenName>Janeen</givenName>
                <surName>Jones</surName>
            </individualName>
            <organizationName>Field Museum of Natural History</organizationName>
            <positionName>Technology Liaison to Science</positionName>
            <address>
                <deliveryPoint>1400 S Lake Shore Drive</deliveryPoint>
                <city>Chicago</city>
                <administrativeArea>IL</administrativeArea>
                <postalCode>60605</postalCode>
                <country>UNITED_STATES</country>
            </address>
            <userId directory="https://orcid.org/">0000-0002-1261-8049</userId>
        </creator>
        <metadataProvider>
            <individualName>
                <givenName>Adam</givenName>
                <surName>Ferguson</surName>
            </individualName>
            <organizationName>Field Museum of Natural History</organizationName>
            <address>
                <deliveryPoint>1400 S Lake Shore Drive</deliveryPoint>
                <city>Chicago</city>
                <administrativeArea>IL</administrativeArea>
                <postalCode>60605</postalCode>
                <country>UNITED_STATES</country>
            </address>
            <electronicMailAddress>mammals@fieldmuseum.org</electronicMailAddress>
        </metadataProvider>
        <pubDate>
                2020-12-02
        </pubDate>
        <language>ENGLISH</language>
        <abstract>
            The mammal collections at The Field Museum were founded in 1893, in the wake of the World Columbian Exposition in Chicago, and have grown into one of the world&amp;#39;s premier resources for the study of mammalian evolution. Over its history the collection has had the names Field Columbian Museum, Field Museum of Natural History, Chicago Natural History Museum, and again Field Museum of Natural History.  Collections of Recent mammals number more than 236,000 specimens and 550 primary types.  Each category ranks it among the largest mammal collections in the world. Although the collections are unique, encyclopedic, and worldwide in scope, those from the Philippines, Peru, Chile, Madagascar, Tanzania, Egypt, and Iran are among the world&amp;#39;s very best.
        </abstract>
        <keywordSet>
            <keyword>Occurrence</keyword>
            <keywordThesaurus>GBIF Dataset Type Vocabulary: http://rs.gbif.org/vocabulary/gbif/dataset_type.xml</keywordThesaurus>
        </keywordSet>
        <keywordSet>
            <keyword>Specimen</keyword>
            <keywordThesaurus>GBIF Dataset Subtype Vocabulary: http://rs.gbif.org/vocabulary/gbif/dataset_subtype.xml</keywordThesaurus>
        </keywordSet>
        <additionalInfo>
            <para>https://www.fieldmuseum.org/field-museum-natural-history-conditions-and-suggested-norms-use-collections-data-and-images</para>
        </additionalInfo>
        <intellectualRights>
            <para>To the extent possible under law, the publisher has waived all rights to these data and has dedicated them to the <ulink url="http://creativecommons.org/publicdomain/zero/1.0/legalcode"><citetitle>Public Domain (CC0 1.0)</citetitle></ulink>. Users may copy, modify, distribute and use the work, including for commercial purposes, without restriction.</para>
        </intellectualRights>
        <licensed>
            <licenseName>Creative Commons Zero v1.0 Universal</licenseName>
            <url>https://spdx.org/licenses/CC0-1.0.html</url>
            <identifier>CC0-1.0</identifier>
        </licensed>
        <distribution scope="document">
            <online>
                <url function="information">http://fieldmuseum.org/explore/department/zoology/mammals/collections</url>
            </online>
        </distribution>
        <distribution scope="document">
            <online>
                <url function="download">https://fmipt.fieldmuseum.org/ipt/archive.do?r=fmnh_mammals</url>
            </online>
        </distribution>
        <coverage>
            <geographicCoverage>
                <geographicDescription>Global</geographicDescription>
                <boundingCoordinates>
                    <westBoundingCoordinate>-180</westBoundingCoordinate>
                    <eastBoundingCoordinate>180</eastBoundingCoordinate>
                    <northBoundingCoordinate>90</northBoundingCoordinate>
                    <southBoundingCoordinate>-90</southBoundingCoordinate>
                </boundingCoordinates>
            </geographicCoverage>
        </coverage>
        <maintenance>
            <description>
                <para></para>
            </description>
            <maintenanceUpdateFrequency>unkown</maintenanceUpdateFrequency>
        </maintenance>
        <contact>
            <individualName>
                <givenName>Sharon</givenName>
                <surName>Grant</surName>
            </individualName>
            <organizationName>Field Museum of Natural History</organizationName>
            <positionName>Technology Liaison to Science</positionName>
            <address>
                <deliveryPoint>1400 S Lake Shore Drive</deliveryPoint>
                <city>Chicago</city>
                <administrativeArea>IL</administrativeArea>
                <postalCode>60605</postalCode>
                <country>UNITED_STATES</country>
            </address>
            <phone>3126657203</phone>
            <electronicMailAddress>sgrant@fieldmuseum.org</electronicMailAddress>
            <onlineUrl>http://www.fieldmuseum.org</onlineUrl>
            <userId directory="https://orcid.org/">0000-0002-0201-732X</userId>
        </contact>

    </dataset>

    <additionalMetadata>
        <metadata>
            <gbif>
                <dateStamp>2025-02-13T18:19:47Z</dateStamp>
                <citation>Grant S, Webbink K, Jones J, Ferguson A (2020). Field Museum of Natural History (Zoology) Mammal Collection. Version 9.18. Field Museum. Occurrence dataset https://doi.org/10.15468/n4zgxw accessed via GBIF.org on 2025-02-13.</citation>
                <resourceLogoUrl>https://fmipt.fieldmuseum.org/ipt/logo.do?r=fmnh_mammals</resourceLogoUrl>
            </gbif>
        </metadata>
    </additionalMetadata>
    </eml:eml>
