<?xml version="1.0" encoding="utf-8"?>
<eml:eml xmlns:eml="https://eml.ecoinformatics.org/eml-2.2.0" xmlns:xsi="http://www.w3.org/2001/XMLSchema-instance"
         xsi:schemaLocation="https://eml.ecoinformatics.org/eml-2.2.0 https://rs.gbif.org/schema/eml-gbif-profile/1.3/eml.xsd"
packageId="4f86435d-e304-47e0-95e8-bb1ba9e8e79a"  system="http://gbif.org" scope="system"
xml:lang="en">
    <dataset>
        <alternateIdentifier>10.15468/vlbj59</alternateIdentifier>
        <alternateIdentifier>https://science-net.kahaku.go.jp/ipt2/resource?r=snet-1148-102</alternateIdentifier>
        <alternateIdentifier>4f86435d-e304-47e0-95e8-bb1ba9e8e79a</alternateIdentifier>
        <alternateIdentifier>http://science-net.kahaku.go.jp/ipt2/resource?r=snet-1148-102</alternateIdentifier>
        <title>Nagoya-Mammals</title>
        <creator>
            <individualName>
                <givenName>Tatsuya</givenName>
                <surName>Noro</surName>
            </individualName>
            <organizationName>Nagoya Biodiversity Center</organizationName>
            <positionName>Biodiversity specialist</positionName>
            <address>
                <country>JAPAN</country>
            </address>
            <electronicMailAddress>bdnagoya@kankyokyoku.city.nagoya.lg.jp</electronicMailAddress>
        </creator>
        <metadataProvider>
            <individualName>
                <givenName>Megumi</givenName>
                <surName>Nishibu</surName>
            </individualName>
            <organizationName>Nagoya Biodiversity Center</organizationName>
            <positionName>Biodiversity specialist</positionName>
            <address>
                <country>JAPAN</country>
            </address>
            <electronicMailAddress>bdnagoya@kankyokyoku.city.nagoya.lg.jp</electronicMailAddress>
        </metadataProvider>
        <pubDate>
                2024-02-16
        </pubDate>
        <language>ENGLISH</language>
        <abstract>
            Nagoya-Mammals deposited, Nagoya Biodiversity Center (NBC).
        </abstract>
        <keywordSet>
            <keyword>Occurrence</keyword>
            <keywordThesaurus>GBIF Dataset Type Vocabulary: http://rs.gbif.org/vocabulary/gbif/dataset_type_2015-07-10.xml</keywordThesaurus>
        </keywordSet>
        <intellectualRights>
            <para>This work is licensed under a <ulink url="http://creativecommons.org/licenses/by/4.0/legalcode"><citetitle>Creative Commons Attribution (CC-BY) 4.0 License</citetitle></ulink>.</para>
        </intellectualRights>
        <licensed>
            <licenseName>Creative Commons Attribution 4.0 International</licenseName>
            <url>https://spdx.org/licenses/CC-BY-4.0.html</url>
            <identifier>CC-BY-4.0</identifier>
        </licensed>
        <distribution scope="document">
            <online>
                <url function="download">https://science-net.kahaku.go.jp/ipt2/archive.do?r=snet-1148-102</url>
            </online>
        </distribution>
        <maintenance>
            <description>
                <para></para>
            </description>
            <maintenanceUpdateFrequency>unkown</maintenanceUpdateFrequency>
        </maintenance>
        <contact>
            <individualName>
                <givenName>Megumi</givenName>
                <surName>Nishibu</surName>
            </individualName>
            <organizationName>Nagoya Biodiversity Center</organizationName>
            <positionName>Biodiversity specialist</positionName>
            <address>
                <country>JAPAN</country>
            </address>
            <electronicMailAddress>bdnagoya@kankyokyoku.city.nagoya.lg.jp</electronicMailAddress>
        </contact>

    </dataset>

    <additionalMetadata>
        <metadata>
            <gbif>
                <dateStamp>2025-02-13T18:19:55Z</dateStamp>
                <citation>Noro T, Nishibu M (2024). Nagoya-Mammals. Version 1.6. National Museum of Nature and Science, Japan. Occurrence dataset https://doi.org/10.15468/vlbj59 accessed via GBIF.org on 2025-02-13.</citation>
            </gbif>
        </metadata>
    </additionalMetadata>
    </eml:eml>
