<?xml version="1.0" encoding="utf-8"?>
<eml:eml xmlns:eml="https://eml.ecoinformatics.org/eml-2.2.0" xmlns:xsi="http://www.w3.org/2001/XMLSchema-instance"
         xsi:schemaLocation="https://eml.ecoinformatics.org/eml-2.2.0 https://rs.gbif.org/schema/eml-gbif-profile/1.3/eml.xsd"
packageId="51f8bbe4-36e9-44c2-9f66-eaa5c7017a5c"  system="http://gbif.org" scope="system"
xml:lang="en">
    <dataset>
        <alternateIdentifier>10.15468/7fg79e</alternateIdentifier>
        <alternateIdentifier>e9a9d022-6c43-11eb-a20c-dbb51733737e</alternateIdentifier>
        <title>NHMD Quaternary Zoology Collection</title>
        <creator>
            <individualName>
                <givenName>Bent</givenName>
                <surName>Lindow</surName>
            </individualName>
            <organizationName>Natural History Museum of Denmark</organizationName>
            <positionName>Collection Worker</positionName>
            <electronicMailAddress>lindow@snm.ku.dk</electronicMailAddress>
            <onlineUrl>https://snm.ku.dk/ansatte/samlinger/?pure=da/persons/132801</onlineUrl>
            <userId directory="http://orcid.org/">0000-0002-1864-4221</userId>
        </creator>
        <metadataProvider>
            <individualName>
                <givenName>Bent</givenName>
                <surName>Lindow</surName>
            </individualName>
            <organizationName>Natural History Museum of Denmark</organizationName>
            <positionName>Collection Manager of Vertebrate Paleontology</positionName>
            <electronicMailAddress>lindow@snm.ku.dk</electronicMailAddress>
            <onlineUrl>https://snm.ku.dk/ansatte/samlinger/?pure=da/persons/132801</onlineUrl>
            <userId directory="http://orcid.org/">0000-0002-1864-4221</userId>
        </metadataProvider>
        <metadataProvider>
            <individualName>
                <givenName>Knud</givenName>
                <surName>Rosenlund</surName>
            </individualName>
            <organizationName>Natural History Museum of Denmark</organizationName>
            <positionName>Collection Manager of Vertebrate Paleontology</positionName>
            <onlineUrl>https://snm.ku.dk/ansatte/ansatte/?pure=da/persons/41991</onlineUrl>
        </metadataProvider>
        <metadataProvider>
            <individualName>
                <givenName>Kurt</givenName>
                <surName>Kjær</surName>
            </individualName>
            <organizationName>GLOBE</organizationName>
            <positionName>Professor</positionName>
            <electronicMailAddress>kurtk@sund.ku.dk</electronicMailAddress>
            <onlineUrl>https://globe.ku.dk/staff-list/?pure=en/persons/77403</onlineUrl>
            <userId directory="http://orcid.org/">0000-0002-8871-5179</userId>
        </metadataProvider>
        <associatedParty>
            <individualName>
                <givenName>Fedor Alexander</givenName>
                <surName>Steeman</surName>
            </individualName>
            <organizationName>Natural History Museum of Denmark</organizationName>
            <positionName>Data Coordinator</positionName>
            <address>
                <deliveryPoint>Universitetsparken 15</deliveryPoint>
                <city>Copenhagen</city>
                <administrativeArea>Capital Region of Denmark</administrativeArea>
                <postalCode>2100</postalCode>
                <country>DENMARK</country>
            </address>
            <phone>+45 22369539</phone>
            <electronicMailAddress>fedor.steeman@snm.ku.dk</electronicMailAddress>
            <onlineUrl>https://snm.ku.dk/ansatte/samlinger/?id=228929&amp;vis=medarbejder</onlineUrl>
            <userId directory="http://orcid.org/">0000-0002-2153-8104</userId>
            <role>DISTRIBUTOR</role>
        </associatedParty>
        <associatedParty>
            <individualName>
                <givenName>Zsuzsanna</givenName>
                <surName>Papp</surName>
            </individualName>
            <organizationName>Natural History Museum of Denmark</organizationName>
            <positionName>Data Coordinator</positionName>
            <address>
                <deliveryPoint>Universitetsparken 15</deliveryPoint>
                <city>Copenhagen</city>
                <administrativeArea>Capital Region of Denmark</administrativeArea>
                <postalCode>2100</postalCode>
                <country>DENMARK</country>
            </address>
            <electronicMailAddress>zsuzsanna.papp@snm.ku.dk</electronicMailAddress>
            <role>DISTRIBUTOR</role>
        </associatedParty>
        <pubDate>
                2024-08-02
        </pubDate>
        <language>ENGLISH</language>
        <abstract>
            The Quaternary Zoology collection only comprises of faunal skeletal remains (archaeological and geological) from the Quaternary period (the last 2.6 million years). The main focuses are the Danish and Greenlandic faunal remains but due to a couple of historical collections it is also very strong in South American faunal remains (including, as the only exception, some human remains) and to some extent faunal remains from Western Asia and South East Asia.
        </abstract>
        <keywordSet>
            <keyword>Copenhagen</keyword>
            <keyword>paleontology</keyword>
            <keyword>quaternary</keyword>
            <keyword>vertebrate</keyword>
            <keyword>Denmark</keyword>
            <keyword>geology</keyword>
            <keyword>zoology</keyword>
            <keyword>Greenland</keyword>
        </keywordSet>
        <keywordSet>
            <keyword>Specimen</keyword>
            <keywordThesaurus>GBIF Dataset Subtype Vocabulary: http://rs.gbif.org/vocabulary/gbif/dataset_subtype.xml</keywordThesaurus>
        </keywordSet>
        <keywordSet>
            <keyword>Occurrence</keyword>
            <keywordThesaurus>GBIF Dataset Type Vocabulary: http://rs.gbif.org/vocabulary/gbif/dataset_type.xml</keywordThesaurus>
        </keywordSet>
        <intellectualRights>
            <para>This work is licensed under a <ulink url="http://creativecommons.org/licenses/by/4.0/legalcode"><citetitle>Creative Commons Attribution (CC-BY) 4.0 License</citetitle></ulink>.</para>
        </intellectualRights>
        <licensed>
            <licenseName>Creative Commons Attribution 4.0 International</licenseName>
            <url>https://spdx.org/licenses/CC-BY-4.0.html</url>
            <identifier>CC-BY-4.0</identifier>
        </licensed>
        <distribution scope="document">
            <online>
                <url function="download">https://specify-snm.science.ku.dk/static/depository/export_feed/DwCA-QZ.zip</url>
            </online>
        </distribution>

    </dataset>

    <additionalMetadata>
        <metadata>
            <gbif>
                <dateStamp>2025-02-13T18:19:53Z</dateStamp>
                <citation>Lindow B, Rosenlund K, Kjær K (2024). NHMD Quaternary Zoology Collection. Natural History Museum of Denmark. Occurrence dataset https://doi.org/10.15468/7fg79e accessed via GBIF.org on 2025-02-13.</citation>
            </gbif>
        </metadata>
    </additionalMetadata>
    </eml:eml>
