<?xml version="1.0" encoding="utf-8"?>
<eml:eml xmlns:eml="https://eml.ecoinformatics.org/eml-2.2.0" xmlns:xsi="http://www.w3.org/2001/XMLSchema-instance"
         xsi:schemaLocation="https://eml.ecoinformatics.org/eml-2.2.0 https://rs.gbif.org/schema/eml-gbif-profile/1.3/eml.xsd"
packageId="5a659248-1f70-11e3-b2c5-00145eb45e9a"  system="http://gbif.org" scope="system"
xml:lang="en">
    <dataset>
        <alternateIdentifier>10.15468/lwu4fj</alternateIdentifier>
        <title>Mammals housed at MHNG, Geneva</title>
        <associatedParty>
            <individualName>
                <surName>Christophe Plattet</surName>
            </individualName>
            <electronicMailAddress>christophe.plattet@ville-ge.ch</electronicMailAddress>
            <role>TECHNICAL_POINT_OF_CONTACT</role>
        </associatedParty>
        <language>en</language>
        <abstract>
            This database lists all vouchers of mammals deposited at the Natural History Museum of Geneva and collected around the World since nearly two centuries.
        </abstract>
        <intellectualRights>
            <para>This work is licensed under a <ulink url="http://creativecommons.org/licenses/by-nc/4.0/legalcode"><citetitle>Creative Commons Attribution Non Commercial (CC-BY-NC) 4.0 License</citetitle></ulink>.</para>
        </intellectualRights>
        <licensed>
            <licenseName>Creative Commons Attribution Non Commercial 4.0 International</licenseName>
            <url>https://spdx.org/licenses/CC-BY-NC-4.0.html</url>
            <identifier>CC-BY-NC-4.0</identifier>
        </licensed>
        <distribution scope="document">
            <online>
                <url function="information">http://www.ville-ge.ch/mhng/dpt_mamo.php</url>
            </online>
        </distribution>
        <contact>
            <individualName>
                <surName>Dr. Manuel Ruedi</surName>
            </individualName>
            <electronicMailAddress>manuel.ruedi@ville-ge.ch</electronicMailAddress>
        </contact>

    </dataset>

    <additionalMetadata>
        <metadata>
            <gbif>
                <dateStamp>2025-02-13T18:19:49Z</dateStamp>
                <citation>SwissNatColl. Mammals housed at MHNG, Geneva. Occurrence dataset https://doi.org/10.15468/lwu4fj accessed via GBIF.org on 2025-02-13.</citation>
                <resourceLogoUrl>http://data.gbif.ch/gbif-portal/institutions/3/logo</resourceLogoUrl>
            </gbif>
        </metadata>
    </additionalMetadata>
    </eml:eml>
