<?xml version="1.0" encoding="utf-8"?>
<eml:eml xmlns:eml="https://eml.ecoinformatics.org/eml-2.2.0" xmlns:xsi="http://www.w3.org/2001/XMLSchema-instance"
         xsi:schemaLocation="https://eml.ecoinformatics.org/eml-2.2.0 https://rs.gbif.org/schema/eml-gbif-profile/1.3/eml.xsd"
packageId="5dbe754a-7acd-43de-ae4c-ed563437937f"  system="http://gbif.org" scope="system"
xml:lang="en">
    <dataset>
        <alternateIdentifier>10.15468/krkq57</alternateIdentifier>
        <alternateIdentifier>https://science-net.kahaku.go.jp/ipt2/resource?r=snet-1024-104</alternateIdentifier>
        <alternateIdentifier>5dbe754a-7acd-43de-ae4c-ed563437937f</alternateIdentifier>
        <alternateIdentifier>http://science-net.kahaku.go.jp/ipt2/resource?r=snet-1024-104</alternateIdentifier>
        <title>Mammalian Specimens of the Yamagata Prefectural Museum</title>
        <creator>
            <individualName>
                <givenName>Masato</givenName>
                <surName>Hasumi</surName>
            </individualName>
            <organizationName>Yamagata Prefectural Museum</organizationName>
            <positionName>Contract Staff for Curatorial Duties (Department of Zoology)</positionName>
            <address>
                <country>JAPAN</country>
            </address>
            <electronicMailAddress>mhasumi@kem.biglobe.ne.jp</electronicMailAddress>
        </creator>
        <metadataProvider>
            <individualName>
                <givenName>Masaaki</givenName>
                <surName>Homma</surName>
            </individualName>
            <organizationName>Yamagata Prefectural Museum</organizationName>
            <positionName>Museum Curator of Animals</positionName>
            <address>
                <country>JAPAN</country>
            </address>
            <electronicMailAddress>hommamasaa@pref.yamagata.jp</electronicMailAddress>
        </metadataProvider>
        <pubDate>
                2023-03-20
        </pubDate>
        <language>ENGLISH</language>
        <abstract>
            Mammalian Specimens deposited in the Yamagata Prefectural Museum
        </abstract>
        <keywordSet>
            <keyword>Occurrence</keyword>
            <keywordThesaurus>GBIF Dataset Type Vocabulary: http://rs.gbif.org/vocabulary/gbif/dataset_type_2015-07-10.xml</keywordThesaurus>
        </keywordSet>
        <intellectualRights>
            <para>This work is licensed under a <ulink url="http://creativecommons.org/licenses/by/4.0/legalcode"><citetitle>Creative Commons Attribution (CC-BY) 4.0 License</citetitle></ulink>.</para>
        </intellectualRights>
        <licensed>
            <licenseName>Creative Commons Attribution 4.0 International</licenseName>
            <url>https://spdx.org/licenses/CC-BY-4.0.html</url>
            <identifier>CC-BY-4.0</identifier>
        </licensed>
        <distribution scope="document">
            <online>
                <url function="information">http://english.yamagata-museum.jp/</url>
            </online>
        </distribution>
        <distribution scope="document">
            <online>
                <url function="download">https://science-net.kahaku.go.jp/ipt2/archive.do?r=snet-1024-104</url>
            </online>
        </distribution>
        <maintenance>
            <description>
                <para></para>
            </description>
            <maintenanceUpdateFrequency>unkown</maintenanceUpdateFrequency>
        </maintenance>
        <contact>
            <individualName>
                <givenName>Masaaki</givenName>
                <surName>Homma</surName>
            </individualName>
            <organizationName>Yamagata Prefectural Museum</organizationName>
            <positionName>Museum Curator of Animals</positionName>
            <address>
                <country>JAPAN</country>
            </address>
            <electronicMailAddress>hommamasaa@pref.yamagata.jp</electronicMailAddress>
        </contact>

    </dataset>

    <additionalMetadata>
        <metadata>
            <gbif>
                <dateStamp>2025-02-13T18:20:02Z</dateStamp>
                <citation>Hasumi M, Homma M (2023). Mammalian Specimens of the Yamagata Prefectural Museum. Version 1.3. National Museum of Nature and Science, Japan. Occurrence dataset https://doi.org/10.15468/krkq57 accessed via GBIF.org on 2025-02-13.</citation>
            </gbif>
        </metadata>
    </additionalMetadata>
    </eml:eml>
