<?xml version="1.0" encoding="utf-8"?>
<eml:eml xmlns:eml="https://eml.ecoinformatics.org/eml-2.2.0" xmlns:xsi="http://www.w3.org/2001/XMLSchema-instance"
         xsi:schemaLocation="https://eml.ecoinformatics.org/eml-2.2.0 https://rs.gbif.org/schema/eml-gbif-profile/1.3/eml.xsd"
packageId="5e0c660f-4093-42e5-a6df-55a44ae8dfb5"  system="http://gbif.org" scope="system"
xml:lang="en">
    <dataset>
        <alternateIdentifier>10.15468/m6dmqm</alternateIdentifier>
        <alternateIdentifier>5e0c660f-4093-42e5-a6df-55a44ae8dfb5</alternateIdentifier>
        <alternateIdentifier>https://ukraine.ipt.gbif.no/resource?r=mammalszagorodniukpublications1</alternateIdentifier>
        <title>Mammal observations from Ukrainian scientific literature</title>
        <creator>
            <individualName>
                <givenName>Maksym</givenName>
                <surName>Marushchak</surName>
            </individualName>
            <organizationName>Ukrainian Nature Conservation Group</organizationName>
            <positionName>volunteer</positionName>
            <address>
                <city>Kyiv</city>
                <country>UKRAINE</country>
            </address>
        </creator>
        <creator>
            <individualName>
                <givenName>Oleksii</givenName>
                <surName>Marushchak</surName>
            </individualName>
            <organizationName>I. I. Schmalhausen Institute of Zoology NAS of Ukraine</organizationName>
            <positionName>junior researcher</positionName>
            <address>
                <deliveryPoint>Vul. B. Khmelnytskogo, 15</deliveryPoint>
                <city>Kyiv</city>
                <postalCode>01030</postalCode>
                <country>UKRAINE</country>
            </address>
            <phone>+380964882670</phone>
            <electronicMailAddress>ecopelobates@gmail.com</electronicMailAddress>
            <userId directory="https://orcid.org/">0000-0001-9380-5593</userId>
        </creator>
        <creator>
            <individualName>
                <givenName>Olexiy</givenName>
                <surName>Vasyliuk</surName>
            </individualName>
            <organizationName>I. I. Schmalhausen Institute of Zoology NAS of Ukraine</organizationName>
            <positionName>junior researcher</positionName>
            <address>
                <deliveryPoint>Vul. B. Khmelnytskogo, 15</deliveryPoint>
                <city>Kyiv</city>
                <postalCode>01030</postalCode>
                <country>UKRAINE</country>
            </address>
            <phone>+380964882670</phone>
            <electronicMailAddress>vasyliuk@gmail.com</electronicMailAddress>
        </creator>
        <metadataProvider>
            <individualName>
                <givenName>Mikhail</givenName>
                <surName>Rusin</surName>
            </individualName>
            <organizationName>I. I. Schmalhausen Institute of Zoology NAS of Ukraine | Kyiv Zoo</organizationName>
            <positionName>researcher</positionName>
            <address>
                <deliveryPoint>Vul. B. Khmelnytskogo, 15</deliveryPoint>
                <city>Kyiv</city>
                <postalCode>01030</postalCode>
                <country>UKRAINE</country>
            </address>
            <electronicMailAddress>ellobius.talpinus@gmail.com</electronicMailAddress>
            <userId directory="https://orcid.org/">0000-0003-4349-4795</userId>
        </metadataProvider>
        <associatedParty>
            <individualName>
                <givenName>Oleksii</givenName>
                <surName>Marushchak</surName>
            </individualName>
            <organizationName>I. I. Schmalhausen Institute of Zoology NAS of Ukraine</organizationName>
            <positionName>junior researcher</positionName>
            <address>
                <deliveryPoint>Vul. B. Khmelnytskogo, 15</deliveryPoint>
                <city>Kyiv</city>
                <postalCode>01030</postalCode>
                <country>UKRAINE</country>
            </address>
            <phone>+380964882670</phone>
            <electronicMailAddress>ecopelobates@gmail.com</electronicMailAddress>
            <userId directory="https://orcid.org/">0000-0001-9380-5593</userId>
            <role>PROGRAMMER</role>
        </associatedParty>
        <pubDate>
                2024-12-16
        </pubDate>
        <language>ENGLISH</language>
        <abstract>
            <para>The dataset contains occurences of mammals (and occasionally other taxa) recorded in Ukrainian grey literature. This includes Proceedings of Theriological School Vol. 1-20 and Novitates Theriologicae Vol.1-11.</para>
        </abstract>
        <keywordSet>
            <keyword>biodiversity</keyword>
            <keyword>mammals</keyword>
            <keyword>birds</keyword>
            <keyword>Occurrence</keyword>
            <keyword>publications</keyword>
            <keyword>Proceedings of the Theriological School</keyword>
            <keywordThesaurus>GBIF Dataset Type Vocabulary: http://rs.gbif.org/vocabulary/gbif/dataset_type_2015-07-10.xml</keywordThesaurus>
        </keywordSet>
        <keywordSet>
            <keyword>Observation</keyword>
            <keywordThesaurus>GBIF Dataset Subtype Vocabulary: http://rs.gbif.org/vocabulary/gbif/dataset_subtype.xml</keywordThesaurus>
        </keywordSet>
        <intellectualRights>
            <para>This work is licensed under a <ulink url="http://creativecommons.org/licenses/by/4.0/legalcode"><citetitle>Creative Commons Attribution (CC-BY) 4.0 License</citetitle></ulink>.</para>
        </intellectualRights>
        <licensed>
            <licenseName>Creative Commons Attribution 4.0 International</licenseName>
            <url>https://spdx.org/licenses/CC-BY-4.0.html</url>
            <identifier>CC-BY-4.0</identifier>
        </licensed>
        <distribution scope="document">
            <online>
                <url function="download">https://ukraine.ipt.gbif.no/archive.do?r=mammalszagorodniukpublications1</url>
            </online>
        </distribution>
        <coverage>
            <geographicCoverage>
                <geographicDescription>The dataset consists of records from Ukraine, Austria, Azerbaijan, Belarus, Bolgria, Hungary, Kazakhstan, Poland, Moldova, Romania, Kyrgyzstan, Sovakia, Turkie, Turkmenistan, russia and Antarctica.</geographicDescription>
                <boundingCoordinates>
                    <westBoundingCoordinate>-164.531</westBoundingCoordinate>
                    <eastBoundingCoordinate>180</eastBoundingCoordinate>
                    <northBoundingCoordinate>87.851</northBoundingCoordinate>
                    <southBoundingCoordinate>-90</southBoundingCoordinate>
                </boundingCoordinates>
            </geographicCoverage>
            <taxonomicCoverage>
                <generalTaxonomicCoverage>The dataset consists of records of mammals and birds.</generalTaxonomicCoverage>
                <taxonomicClassification>
                    <taxonRankName>Kingdom</taxonRankName>
                    <taxonRankValue>Animalia</taxonRankValue>
                </taxonomicClassification>
                <taxonomicClassification>
                    <taxonRankName>Phylum</taxonRankName>
                    <taxonRankValue>Chordata</taxonRankValue>
                </taxonomicClassification>
                <taxonomicClassification>
                    <taxonRankName>Class</taxonRankName>
                    <taxonRankValue>Mammalia</taxonRankValue>
                </taxonomicClassification>
                <taxonomicClassification>
                    <taxonRankName>Class</taxonRankName>
                    <taxonRankValue>Aves</taxonRankValue>
                </taxonomicClassification>
            </taxonomicCoverage>
        </coverage>
        <maintenance>
            <description>
                <para></para>
            </description>
            <maintenanceUpdateFrequency>unkown</maintenanceUpdateFrequency>
        </maintenance>
        <contact>
            <individualName>
                <givenName>Oleksii</givenName>
                <surName>Marushchak</surName>
            </individualName>
            <organizationName>I. I. Schmalhausen Institute of Zoology NAS of Ukraine</organizationName>
            <positionName>junior researcher</positionName>
            <address>
                <deliveryPoint>Vul. B. Khmelnytskogo, 15</deliveryPoint>
                <city>Kyiv</city>
                <postalCode>01030</postalCode>
                <country>UKRAINE</country>
            </address>
            <phone>+380964882670</phone>
            <electronicMailAddress>ecopelobates@gmail.com</electronicMailAddress>
        </contact>
        <contact>
            <individualName>
                <givenName>Mikhail</givenName>
                <surName>Rusin</surName>
            </individualName>
            <organizationName>I. I. Schmalhausen Institute of Zoology NAS of Ukraine | Kyiv Zoo</organizationName>
            <positionName>researcher</positionName>
            <address>
                <deliveryPoint>Vul. B. Khmelnytskogo, 15</deliveryPoint>
                <city>Kyiv</city>
                <postalCode>01030</postalCode>
                <country>UKRAINE</country>
            </address>
            <electronicMailAddress>ellobius.talpinus@gmail.com</electronicMailAddress>
            <userId directory="https://orcid.org/">0000-0003-4349-4795</userId>
        </contact>
        <methods>
            <methodStep>
                <description>
                    <para>Literature survey.</para>
                </description>
            </methodStep>
            <methodStep>
                <description>
                    <para>Extracting occurrences.</para>
                </description>
            </methodStep>
            <methodStep>
                <description>
                    <para>Georeferencing: in most cases the point was set within the settlement described in the text with coordinates precision 1-10km.</para>
                </description>
            </methodStep>
            <methodStep>
                <description>
                    <para>Filling the table of occurrences in Darwin Core standard.</para>
                </description>
            </methodStep>
            <methodStep>
                <description>
                    <para>Proofreading and peer-review (potential errors, misidentifications, unverifiable records etc.)</para>
                </description>
            </methodStep>
            <sampling>
                <studyExtent>
                    <description>
                        <para>Data was collected and organized by the authors of different publications of Proceedings of the Theriological School.</para>
                    </description>
                </studyExtent>
                <samplingDescription>
                    <para>The data was georeferenced based on the descriptions provided in the publications.</para>
                </samplingDescription>
            </sampling>
            <qualityControl>
                <description>
                    <para>The authors of the dataset are fully responsible for the quality of data provided in it.</para>
                </description>
            </qualityControl>
        </methods>

            <project >
                <title>Data from Ukraine to European Mammal Mapping Atlas ed.2</title>
                <personnel>
                    <individualName>
                    <givenName>Mikhail</givenName>
                    <surName>Rusin</surName>
                    </individualName>
                    <role>POINT_OF_CONTACT</role>
                </personnel>
                <personnel>
                    <individualName>
                    <givenName>Svetlana</givenName>
                    <surName>Miteva</surName>
                    </individualName>
                    <role>POINT_OF_CONTACT</role>
                </personnel>
                <abstract>
                    <para>The goal of the project is to mobilize occurrences of mammals from Ukraine. These occurrences would be used for development of the new European Mammal Mapping Atlas (EMMA). Comparing to the first edition of the EMMA, the new one will include all of Eastern Europe, and the lack of information from this large region may create an underrepresentation of species occurrences when compare Western and Eastern Europe.</para>
                </abstract>
                <funding>
                    <para>The Habitat Foundation</para>
                </funding>
            </project>
    </dataset>

    <additionalMetadata>
        <metadata>
            <gbif>
                <dateStamp>2025-02-13T18:19:50Z</dateStamp>
                <citation>Marushchak M, Marushchak O, Vasyliuk O, Rusin M (2024). Mammal observations from Ukrainian scientific literature. Version 1.5. Ukrainian Nature Conservation Group (NGO). Occurrence dataset https://doi.org/10.15468/m6dmqm accessed via GBIF.org on 2025-02-13.</citation>
                <bibliography>
                <citation>A new record of Hemiechinus auritus at the territory of the Eastern Ukraine.// Proceedings of the Theriological School – 2006. – Volume 7 – P. 111-112.</citation>
                <citation>A new record of Neomys fodiens in Eastern Ukraine. — Zaika S.// Proceedings of the Theriological School – 2008. – Volume 9 – P. 264-265.</citation>
                <citation>A present state the lynx’s population (Lynx lynx) in Bukovina and its dependence on influence of an anthropogenic factor. — Тkachuk Y.// Proceedings of the Theriological School – 2006. – Volume 8 – P. 100-105.</citation>
                <citation>A role of small reserved areas and their guard regimes in conservation of rare species of terrestrial mammals (by the example of «Khomutovsky steppe» Natural Reserve). — Timoshenkov V.// Proceedings of the Theriological School – 2008. – Volume 9 – P. 63-72.</citation>
                <citation>About the record of Crocidura suaveolens Pallas, 1811 in Gomel city. — Savarin A. // Proceedings of the Theriological School – 2006. – Volume 8 – P. 133-135.</citation>
                <citation>Acoustic monitoring of bats: experience of organization in protected areas of Podillia. — M. V. Drebet, V. Yu. Martyniuk, A. V. Lishchuk.// Proceedings of the Theriological School – 2021 – Volume 21 – P.125-132.</citation>
                <citation>Analysis of bat roadkills in Sviati Hory National Nature Park based on data of a 10 years long research. — E. Skubak.// Proceedings of the Theriological School – 2018 – Volume 16 – P. 152-155.</citation>
                <citation>ARKHIPOV, O. Data on rare and non-abundant mammals recorded in vicinities of the Kuchurhan Estuary, Odesa Oblast.// Novitates Theriologicae, – 2015 – Pars 9 – P. 120-125.</citation>
                <citation>Autumn &amp; winter records of Pipistrellus kuhlii in Central Ukraine. — Volodymyr Strigunov &amp; Valerij Kotsiuruba.// Novitates Theriologicae, – 2001 – Pars 6 – P. 115.</citation>
                <citation>ARTAMONOV, V., LEGKY, S. Mammals of the region of the Buzkyi Gard National Park.// Novitates Theriologicae, – 2020 – Pars 11 – P. 33-42.</citation>
                <citation>Autumn record of Eptesicus nilssonii in the Kyiv region. — Volodymyr Miroposlki. // Novitates Theriologicae, – 2001 – Pars 6 – P. 114.</citation>
                <citation>Bat fauna monitoring in urban landscapes of Podillia (Ukraine) based on results of the work of bat contact centre. — M. Drebet.// Proceedings of the Theriological School – 2018 – Volume 16 – P. 145-148.</citation>
                <citation>Bat fauna of the Luhansk province. — Kondratenko O.// Proceedings of the Theriological School – 2006. – Volume 7 – P. 38-41.</citation>
                <citation>Bats of the genera Vespertilio et Eptesicus. — Lena Godlevska.// Novitates Theriologicae, – 2001 – Pars 6 – P. 73-76.</citation>
                <citation>Bats of the Kovsuh River Valley (Luhansk Region). — Rebrov, S.// Proceedings of the Theriological School – 2014 – Volume 12 – P. 111-113.</citation>
                <citation>Bats on the collections of zoological museums of Ukraine: phenological review of data. — Igor Zagorodniuk &amp; Lena Godlewska.// Novitates Theriologicae, – 2001 – Pars 6 – P. 122-156.</citation>
                <citation>Bulakhov V. L., Chegorka P. T. Modern State of Bat Fauna in Dnipropetrovsk Province.// Proceedings of the Theriological School – 1998. – Volume 1 – P. 100-104.</citation>
                <citation>Bechstein&apos;s Bat (Myotis bechsteinii) in Transcarpathia, Ukraine. — I. Zagorodniuk, V. Hleba. // Proceedings of the Theriological School – 2018 – Volume 16 – P. 166-170.</citation>
                <citation>Changes of population density of three muroid rodent species in urban gradient. — Cheremenykh N.// Proceedings of the Theriological School – 2006. – Volume 8 – P. 151-156.</citation>
                <citation>Comparison of natural and re-introduced populations of the steppe marmot (Marmota bobak) in Donetsk Oblast, Ukraine. — E. Skubak.// Proceedings of the Theriological School – 2020 – Volume 20 – P. 127-131.</citation>
                <citation>Current state of populations of rare species of carnivore mammals of family Mustelidae in the south-eastern part of Ukraine. — Kolesnikov M., Kondratenko O.// Proceedings of the Theriological School – 2006. – Volume 7 – P. 55-62.</citation>
                <citation>Death of bats on roads in the “Sviati Hory” Nature Park. — Skubak E.// Proceedings of the Theriological School – 2008. – Volume 9 – P. 274-275.</citation>
                <citation>Death of mammals on the roads of northeastern Ukraine. — Parkhomenko, V.// Proceedings of the Theriological School – 2017 – Volume 15 – P. 139-149.</citation>
                <citation>Distribution and Abundance of the European Mole (Talpa europaea L.) in the Northern Part of the Donetsk Region. — Skubak, E.// Proceedings of the Theriological School – 2016 – Volume 14 – P. 95-98.</citation>
                <citation>Distribution and variation of wood mice of the Apodemus microps &amp; uralensis group in Eastern Europe: fragmentation and clines. — I. Zagorodniuk.// Proceedings of the Theriological School – 2020 – Volume 20 – P. 91-104.</citation>
                <citation>Distribution of the colored forms of squirrel (Sciurus vulgaris) in the Transcarpathians and adjacent regions of Ukraine. — Yu. Zizda.// Scientific Bulletin of Uzhgorod University, – 2005 – Series Biology, 17 – P. 195-198.</citation>
                <citation>DOBRYVODA, I. New records of rare and non-abundant mammal species in Medobory Nature Reserve and its vicinities.// Novitates Theriologicae, – 2020 – Pars 11 – P. 43-49.</citation>
                <citation>DREBET, M. The western barbastelle (Barbastella barbastellus) in Podillia: a phase of population growth.// Novitates Theriologicae, – 2020 – Pars 11 – P. 83-91.</citation>
                <citation>Dykyj І., Srebrodolska E., Bashta T. Bat Researhes of the Lviv Oblast: Last and Today.// Proceedings of the Theriological School – 1998. – Volume 1 – P. 153-155.</citation>
                <citation>Dynamics of number of the marmot (Marmota bobac Muller, 1776) at the territory of &quot;Striltsivsky Steppe&quot; natural reserve. — Borovyk Ye. // Proceedings of the Theriological School – 2006. – Volume 8 – P. 212-216.</citation>
                <citation>DZHOS, A. The long-eared hedgehog (Hemiechinus auritus) in Ploska balka in Luhansk Oblast: records, activity, behavior. // Novitates Theriologicae, – 2015 – Pars 9 – P. 126-131.</citation>
                <citation>Ecological and Faunal Research of Mammals in the Natural Reserve «Mykhailivska Tsilyna» (Sumy Region). — Merzlikin, I.// Proceedings of the Theriological School – 2014 – Volume 12 – P. 26-37.</citation>
                <citation>Emergence of a New Golden Jackal (Canis aureus) Population in the South of the Mykolaiv Oblast. — Redinov, K.// Proceedings of the Theriological School – 2015 – Volume 13 – P. 68-71.</citation>
                <citation>Encounter of the stoat (Mustela erminea) on the Donetsk ridge. — Bronskov A.// Proceedings of the Theriological School – 2008. – Volume 9 – P. 262-263.</citation>
                <citation>European bison (Bison bonasus) in the Chornobyl Exclusion Zone (Ukraine) and prospects for its revival. — Gashchak, S., Gulyaichenko, Y., Beresford, N. A., Wood, M. D. // Proceedings of the Theriological School – 2017 – Volume 15 – P. 58-66.</citation>
                <citation>EVSTAFIEV, I. L. Chorology of the steppe birch mouse Sicista subtilis (Nathusius, 1840) in the Crimean Peninsula.// Novitates Theriologicae, – 2020 – Pars 11 – P. 92-99.</citation>
                <citation>Fauna of bats of Medova Cave (Lviv region) and prospects of its protection. — Dykyy I., Kus’nezh O., Mysiuk V.// Proceedings of the Theriological School – 2008. – Volume 9 – P. 214-218.</citation>
                <citation>Fedorchenko A., Tkach V. Bats of the Danube Delta.// Proceedings of the Theriological School – 1998. – Volume 1 – P. 87–89.</citation>
                <citation>Finding of the steppe whiskered bat (Myotis aurascens Kuzyakin, 1935) in the Southeast of Ukraine. — Bronskov, A.// Proceedings of the Theriological School – 2017 – Volume 15 – P. 154-155.</citation>
                <citation>Findings of the Wildcat, Felis silvestris Schreber, 1777 (Carnivora, Felidae), on the Territory of the Ternopil Region, Ukraine. — Vikyrchak, O.// Proceedings of the Theriological School – 2014 – Volume 12 – P. 109-110.</citation>
                <citation>Finds of the fat dormouse (Glis glis) in cave-type shelters in the Middle Dnister Region. — O. Vikyrchak, P. Ploshchansky.// Proceedings of the Theriological School – 2020 – Volume 19 – P. 96-102.</citation>
                <citation>GODLEWSKA L. Natterer’s bat (Myotis nattereri) and Geoffroy bat (Myotis emarginathus) in Ukraine. // Novitates Theriologicae – 2003 – Pars 3 – P. 19-24.</citation>
                <citation>Hibernating bat species of Belarus: results of the work of the Minsk bat contact centre. — A. Shpak. // Proceedings of the Theriological School – 2018 – Volume 16 – P. 156-162.</citation>
                <citation>Hillock mouse Mus spicilegus (Muridae, Rodentia) in Ascania Nova and Kherson region. — Polishchuk I. // Proceedings of the Theriological School – 2012 – Volume 11 – P. 71-76.</citation>
                <citation>History and current state of bat fauna research in Cherkasy region, Ukraine, with a review of actual records. — A. Bilushenko.// Proceedings of the Theriological School – 2019 – Volume 18 – P. 3-11.</citation>
                <citation>ILIYKHIN, Y. The superfamily Dipodoidea in the collection of the Museum of Nature of V. N. Karazin Kharkiv University.// Novitates Theriologicae, – 2020 – Pars 11 – P. 107-112.</citation>
                <citation>ILYUKHIN, Y. The Russian Desman, Desmana moschata L., in the Museum of Nature of Kharkiv V. N. Karazin National University.// Novitates Theriologicae, – 2015 – Pars 9 – P. 175-179.</citation>
                <citation>Inclination to synanthropy of the common hamster (Cricetus cricetus) based on investigations in the Crimea. — Tovpinets M. , Evstafiev I. , Karaseva E. // Proceedings of the Theriological School – 2006. – Volume 8 – P. 136-145.</citation>
                <citation>Large carnivores of the Pripyatsky National Park: history, modern state and prospects on preservation (by Inessa ZENINA)// Novitates Theriologicae – 2001 – Pars 4 – P. 45-47.</citation>
                <citation>LAZARIEV, D., MOROZ, V., KOROLETSKA, L. Species of herbivore mammals in Striltsivsky Steppe and their environment-forming role for the ecosystems of the nature reserve.// Novitates Theriologicae, – 2020 – Pars 11 – P. 61-71.</citation>
                <citation>LITVINENKO, S. P., YEVTUSHENKO, G. O. To the fauna of Mustelidae of Luhansk Oblast. // Novitates Theriologicae, – 2015 – Pars 9 – P. 32-36.</citation>
                <citation>Long-eared hedgehog (Hemiechinus auritus) in Ukraine: a review. — Shevchenko S. —// Proceedings of the Theriological School – 2008. – Volume 9 – P. 250-258.</citation>
                <citation>Mammals in the diet of Long-legged Buzzard (Buteo rufinus) in Ukraine. — Redinov K.// Proceedings of the Theriological School – 2012 – Volume 11 – P. 120-129.</citation>
                <citation>Mammal and bird fauna of the Federivsky forest massive. — Melnychenko B., Pylypenko D.// Proceedings of the Theriological School – 2006. – Volume 7 – P. 301-308.</citation>
                <citation>Mammals of the Black Sea biosphere reserve region, included in The Red Data Book of Ukraine (state for 2004). — Z. Selyunina.// Scientific Bulletin of Uzhgorod University, – 2005 – Series Biology – P. 86-88.</citation>
                <citation>MARKOVSKA, O. Finds of rare and non-abundant species of small mammals in the territory of Kharkiv Oblast, Ukraine. // Novitates Theriologicae, – 2020 – Pars 11 – P. 12-18.</citation>
                <citation>Mediterranean water shrew (Neomys anomalus) in northern Belarus: new records and identification criteria. — A. Savarin, V. Savarina.// Proceedings of the Theriological School – 2019 – Volume 18 – P. 137-143.</citation>
                <citation>Merzlikin I. On Cases of Preying on Bats.// Proceedings of the Theriological School – 1998. – Volume 1 – P. 148-149.</citation>
                <citation>Merzlikin I., Lebid E. Notes on the Bats from the Sumy Province.// Proceedings of the Theriological School – 1998. – Volume 1 – P. 124-127.</citation>
                <citation>Migration of bats on the ornithological station “Lebedivka”. — Anatoly Poluda &amp; Igor Zagorodniuk. // Novitates Theriologicae, – 2001 – Pars 6 – P. 98-101</citation>
                <citation>Microtus subterraneus (Mammalia) in the Luhansk province. // Proceedings of the Theriological School – 2006. – Volume 7 – P. 103.</citation>
                <citation>Modern distribution and state of populations of susliks (Spermophilus) in the East of Ukraine. — Zagorodniuk I., Kondratenko O.// Proceedings of the Theriological School – 2006. – Volume 7 – P. 211-214.</citation>
                <citation>Modern state of the mammal fauna of the natural reserve &quot;Kreydiana flora&quot;. — Limansky S., Kondratenko O.// Proceedings of the Theriological School – 2006. – Volume 7 – P. 29-32.</citation>
                <citation>Mole-rats Nannospalax leucodon and Spalax zemni in Ukraine: identification criteria and border between their ranges. — Zagorodniuk, I., Korobchenko, M., Kirichenko, V.// Proceedings of the Theriological School – 2017 – Volume 15 – P. 97-104.</citation>
                <citation>Monitoring of the leopard seal population (Hydrurga leptonyx) in waters of the Argentine Islands (Antarctica). — P. B. Khoyetskyy.// Proceedings of the Theriological School – 2020 – Volume 19 – P. 138-147.</citation>
                <citation>Monitoring of the situation “man and bear”. — Khoyetskyy P.// Proceedings of the Theriological School – 2010 – Volume 10 – P. 150-154.</citation>
                <citation>MOROZ, V. The European mole (Talpa europaea) in the Siversky Donets region: new data on the species’ distribution in Luhansk Oblast, Ukraine.// Novitates Theriologicae, – 2020 – Pars 11 – P. 155-160.</citation>
                <citation>Mortality of animals on roads: assessment of vehicle traffic’s influence at populations of wild and domestic animals. — Zagorodniuk I.// Proceedings of the Theriological School – 2006 – Volume 8 – P. 120-125.</citation>
                <citation>Mouse-like rodents and shrews in Kharkiv Oblast (Ukraine): species composition, distribution, and current state of populations. — O. Markovska, H. Tkach.  // Proceedings of the Theriological School – 2006. – Volume 19 – P. 27-44.</citation>
                <citation>Muroid rodents of the natural landmark “Chervone” (Dnister Canyon): specifics of species composition and community structure. — O. Shtyk, Z. Mamchur.// Proceedings of the Theriological School – 2020 – Volume 20 – P. 67-72.</citation>
                <citation>Myotis brandtii in Ukraine: results of investigation of zoological collections in Lviv.// Proceedings of the Theriological School – 2006. – Volume 7 – P. 109-110.</citation>
                <citation>NAGY Z., SZANTA L., SZODORAY-PARADI F. Cave dwelling bats in the Bihor and in the Padurea Craiului Mountains.// Novitates Theriologicae – 2003 – Pars 3 – P. 30-36.</citation>
                <citation>New data on cave-dwelling bats of Odessa city vicinities. — Godlevskaya E. , Panchenko P. , Formanjuk O.// Proceedings of the Theriological School – 2008. – Volume 9 – P. 93-101.</citation>
                <citation>New data on distribution of the wildcat (Felis silvestris Schreber, 1777) in Podillia, Ukraine. — M. Drebet, Ya. Kapeliukh.// Proceedings of the Theriological School – 2019 – Volume 18 – P. 128-132.</citation>
                <citation>New finds of Russian Desman (Desmana moschata) in the basin of Seim river. — Tsiupka V.// Proceedings of the Theriological School – 2012 – Volume 11 – P. 145-147.</citation>
                <citation>New records of Myotis alcathoe in Ukraine. — A.-T. Bashta, I. Ivashkiv, A. Krokhmal. // Proceedings of the Theriological School – 2018 – Volume 16 – P. 163-165.</citation>
                <citation>New records of the Mediterranean water shrew, Neomys anomalus Cabrera (Insectivora, Soricidae), in the Sumy oblast. — Merzlikin I., Sheverdyukova A.// Proceedings of the Theriological School – 2010 – Volume 10 – P. 135-146.</citation>
                <citation>New Records of Ursus arctos on the territory of the Eastern Ukraine.// Proceedings of the Theriological School – 2006. – Volume 7 – P. 112.</citation>
                <citation>Northern mole-vole (Ellobius talpinus) on the sand areas of the Derkul River valley (Rostov and Luhansk provinces). — Korobchenko M.// Proceedings of the Theriological School – 2008. – Volume 9 – P. 228-231.</citation>
                <citation>NOVAK, V. O., NOVAK, V. V. Monitoring of the Cricetus cricetus L. population in the Upper Pobuzhzhia region.// Novitates Theriologicae, – 2020 – Pars 11 – P. 113-118.</citation>
                <citation>Observations of birds of prey in the Luhansk province and problems of faunal communities protection. — Reznik O.// Proceedings of the Theriological School – 2006. – Volume 7 – P. 268-275.</citation>
                <citation>OMELCHENKO, Y. The forest dormouse (Dryomys nitedula) in the north of Odessa Oblast: a new find in coastal regions of Ukraine.// Novitates Theriologicae, – 2020 – Pars 11 – P. 161-163.</citation>
                <citation>On the phenology of bats from the Kharkiv province. — Anton Vlaschenko.// Novitates Theriologicae, – 2001 – Pars 6 – P. 110-112.</citation>
                <citation>Plecotus austriacus in the valley of the Kilchen river (left bank of the Dnipro), a new stage of expansion to the East. — V. Manyuk, А. Lahuta.// Proceedings of the Theriological School – 2018 – Volume 16 – P. 149-151.</citation>
                <citation>Pipistrelle bats of the genus Pipistrellus and genus Hypsugo. — Igor Zagorodniuk &amp; Vadym Negoda.// Novitates Theriologicae, – 2001 – Pars 6 – P. 65-72.</citation>
                <citation>PETRUSHENKO Ya. Fauna of hibernating bats in the caves of Central Podolia.// Novitates Theriologicae – 2003 – Pars 3 – P. 44-47.</citation>
                <citation>Peculiarities of the golden jackal’s (Сanis aureus L., 1758) behavior in its expansion zone in the South of Ukraine. — Rozhenko, M. V.// Proceedings of the Theriological School – 2017 – Volume 15 – P. 80-85.</citation>
                <citation>Pokynchereda V. F., Pokynchereda V. V. New Record of Myotis bechsteini (Chiroptera) in the Ukrainian Carpathians.// Proceedings of the Theriological School – 1998. – Volume 1 – P. 156-158.</citation>
                <citation>Polissian population of Lynx lynx in Ukraine and action plan on its conservation. — Zhyla S.// Proceedings of the Theriological School – 2012 – Volume 11 – P. 98-112.</citation>
                <citation>Polushina N. State of Bat Population in the Western Podilja.// Proceedings of the Theriological School – 1998. – Volume 1 – P. 106-116.</citation>
                <citation>Przewalski’s horse (Equus ferus przewalskii) in the Chornobyl Exclusion Zone after 20 years of introduction. — S. Gashchak, S. Paskevich.// Proceedings of the Theriological School – 2019 – Volume 18 – P. 80-100.</citation>
                <citation>Rare and scanty mammal species of the Shatsk National Park. — Dykyy I., Srebrodolska E.// Proceedings of the Theriological School – 2008. – Volume 9 – P. 102-106.</citation>
                <citation>Rare fauna of Eastern Ukraine: its composition and distribution of rare species. — Zagorodniuk I., Korobchenko M.// Proceedings of the Theriological School – 2008. – Volume 9 – P. 107-156.</citation>
                <citation>Rare rodent species in fragmented steppe areas of the right-bank Lower Dnipro region: new records. — I. Merzlikin.// Proceedings of the Theriological School – 2019 – Volume 18 – P. 133-136.</citation>
                <citation>Rare terrestrial mammals of Khomutovsky Steppe reserve in the conditions of anthropogenic press. — Timoshenkov V.// Proceedings of the Theriological School – 2006. – Volume 8 – P. 240-244.</citation>
                <citation>Records and peculiarities of distribution of the European mole (Talpa europaea) in the Lower Dniester area. — Dyatlova, O., Rozhenko, M.// Proceedings of the Theriological School – 2017 – Volume 15 – P. 94-96.</citation>
                <citation>Records of Neomys fodiens in Provallya Steppe (Eastern Ukraine).// Proceedings of the Theriological School – 2006. – Volume 7 – P. 110-111.</citation>
                <citation>Records of the fat dormouse (Glis glis) in Poltava region. — Podobaylo, A., Mylenko, N., Shevchenko, S., Sevidov, V.// Proceedings of the Theriological School – 2017 – Volume 15 – P. 156-158.</citation>
                <citation>Records of the Steppe Polecat (Mustela eversmanni Lesson, 1827) in Ukraine: Review of Zoological Collections. — Filipenko, S.// Proceedings of the Theriological School – 2014 – Volume 12 – P. 102-107.</citation>
                <citation>Representatives of the order Chiroptera in the collection of the Museum of Nature at V. Karazin Kharkiv National University. — Yu. Iliukhin.// Proceedings of the Theriological School – 2018 – Volume 16 – P. 77-84.</citation>
                <citation>Results of censuses of troglophyle bat species in the Middle Dnister Area (Ukraine) in 1984–2000. — O. Vikyrchak.// Proceedings of the Theriological School – 2018 – Volume 16 – P. 17-24.</citation>
                <citation>Results of the bats census in the Podilsky Tovtry National Park in hibernation period of 2008. — Drebet M., Matveyev V., Tarasenko M.// Proceedings of the Theriological School – 2010 – Volume 10 – P. 47-52.</citation>
                <citation>Results of the Work of the Kyiv Bat Contact-Centre in 2012–2015. — Godlevska, L.// Proceedings of the Theriological School – 2015 – Volume 13 – P. 11-19.</citation>
                <citation>Review of Distribution and Morphometric Peculiarities of the Mole Vole Ellobius talpinus (Arvicolidae) in the Lower Dnipro River Region (Ukraine). — Korobchenko, M., Zagorodniuk, I., Redinov, K.// Proceedings of the Theriological School – 2014 – Volume 12 – P. 89-101.</citation>
                <citation>Review of Sicista subtilis records in the Dnipropetrovsk province. — Antonets N. , Shumkova M.// Proceedings of the Theriological School – 2008. – Volume 9 – P. 259-261.</citation>
                <citation>Review of the family Mustelidae in the region of the Black Sea Biosphere Reserve. — Selyunina, Z. V.// Proceedings of the Theriological School – 2017 – Volume 15 – P. 49-57.</citation>
                <citation>ROMAN, E. The experience of making and use of homemade camera traps on the base of film cameras.// Novitates Theriologicae, – 2017 – Pars 10 – P. 70-75.</citation>
                <citation>Ruzhilenko N., Grishchenko V., Mezherin V., Tsvelykh O. Bat Fauna of the Kaniv Natural Reserves // Proceedings of the Theriological School – 1998. – Volume 1 – P. 76–79.</citation>
                <citation>SAVARIN, A. Findings of little known insectivore species (Lipotyphla) in Belarus: critical analysis and issues of diagnosis.// Novitates Theriologicae, – 2020 – Pars 11 – P. 12-18.</citation>
                <citation>Schreibers’ and mouse-eared bats (Miniopterus &amp; Myotis). — Julij Krochko.// Novitates Theriologicae, – 2001 – Pars 6 – P. 50-52.</citation>
                <citation>Seljunina Z. Bats of the Black Sea Biosphere Reserve.// Proceedings of the Theriological School – 1998. – Volume 1 – P. 80–83.</citation>
                <citation>SELYUNINA, Z., MOSKALENKO, YU. Small mammals in diet of the barn owl (Tyto alba) in the Black Sea Biosphere Reserve.// Novitates Theriologicae, – 2020 – Pars 11 – P. 72-76.</citation>
                <citation>Sheshurak P., Kedrov B. To Bat Investigation in the Chernigiv Oblast of Ukraine.// Proceedings of the Theriological School – 1998. – Volume 1 – P. 134-138.</citation>
                <citation>SHEVCHYK, L. O., LECHACHENKO, S. A. The European hamster (Cricetus cricetus) in Podillia: description of a new settlement and the finding of a melanistic form.// Novitates Theriologicae, – 2020 – Pars 11 – P. 125-130.</citation>
                <citation>Shrews of Kharkiv province, their ectoparasites and epizootological value. — Naglov V., Tkach G., Zorya A. // Proceedings of the Theriological School – 2006. – Volume 8 – P. 175-185.</citation>
                <citation>Species diversity of bats in the Skole Beskids National Nature Park. — Yu. Chaika, O. Kusnezh. // Proceedings of the Theriological School – 2018 – Volume 16 – P. 105-110.</citation>
                <citation>Species composition of small mammals in key biotopes near Kolomak (Kharkiv Oblast). — O. Markovska.// Proceedings of the Theriological School – 2020 – Volume 20 – P. 29-38.</citation>
                <citation>Study of mammal fauna in natural reserve “Khomutovsky steppe”. — Timoshenkov V., Kondratenko O.// Proceedings of the Theriological School – 2006. – Volume 7 – P. 33-37.</citation>
                <citation>Summer bat fauna of the Shatsk National Nature Park. — Evgenia Srebrodolska, Igor Dykyy, Volodymyr Mysjuk. // Novitates Theriologicae, – 2001 – Pars 6 – P. 86-89.</citation>
                <citation>Synanthropic Trends in Ukrainian Dormice. — Zaytseva-Anciferova, H.// Proceedings of the Theriological School – 2014 – Volume 12 – P. 38-46.</citation>
                <citation>The bat fauna (Mammalia, Chiroptera) of Stary Zhaden Zakaznik, Southern Belarus. — Dombrovski, V., Fenchuk, V., Zhurauliou, D.// Proceedings of the Theriological School – 2017 – Volume 15 – P. 3-9.</citation>
                <citation>The current state of the steppe marmot (Marmota bobak) population in the Striltsivsky Steppe. — V. Tokarsky, V. Grubnik, N. Tokarska. // Proceedings of the Theriological School – 2019 – Volume 17 – P. 112-118.</citation>
                <citation>The first record of a piebald common bottlenose dolphin (Tursiops truncatus) in offshore waters of the north-western Black Sea. — O. Savenko.// Proceedings of the Theriological School – 2020 – Volume 19 – P. 103-107.</citation>
                <citation>The First Record of Brandt’s Bat Myotis brandtii in the Chernivtsi Region, Ukraine. — Drebet, M., Yaroshynska, О.// Proceedings of the Theriological School – 2016 – Volume 14 – P. 147-148.</citation>
                <citation>The first record of Pipistrellus kuhlii in Rivne region. — M. Franchuk. // Proceedings of the Theriological School – 2018 – Volume 16 – P. 175-176.</citation>
                <citation>The first winter record of Nyctalus noctula in northeastern Ukraine. — I. Merzlikin.// Proceedings of the Theriological School – 2018 – Volume 16 – P. 171-172.</citation>
                <citation>The Krasnoborsky population of the European bison: history of emergence, present state, and growth perspectives. — A. Kashtalian. // Proceedings of the Theriological School – 2019 – Volume 18 – P. 65-73.</citation>
                <citation>The mound-building mouse (Mus spicilegus) in Western Podillia: expansion on the left bank of the Dnister. — O. Vikyrchak.// Proceedings of the Theriological School – 2020 – Volume 20 – P. 73-75.</citation>
                <citation>The new habitats Vormela peregusna and Vulpes corsac in Luhansk region (Eastern Ukraine).// Proceedings of the Theriological School – 2006. – Volume 7 – P. 112-113.</citation>
                <citation>The northern raccoon (Procyon lotor) in urban environment of Kyiv and perspectives of formation of its wild populations in Ukraine. — O. Nikolaichuk, I. Zagorodniuk. // Proceedings of the Theriological School – 2019 – Volume 18 – P. 108-112.</citation>
                <citation>The northernmost findings of the Alcathoe bat (Myotis alcathoe) in Poland. — P. Kmiecik, A. Kmiecik, J. Furmankiewicz, T. Postawa, G. Wojtaszyn, K. Antczak.// Proceedings of the Theriological School – 2020 – Volume 19 – P. 90-95.</citation>
                <citation>The peculiarities of the European mole’s distribution in the middle part of the Siversky Donets valley. — Kondratenko O., Pilipenko D., Dyakov V. // Proceedings of the Theriological School – 2006. – Volume 7 – P. 98-102.</citation>
                <citation>The pond bat, Myotis dasycneme, in the fauna of Luhansk region. — S. Rebrov.// Proceedings of the Theriological School – 2018 – Volume 16 – P. 173-174.</citation>
                <citation>The results of bat investigations in Medobory Nature Reserve. — Ya. Kapeliukh.// Proceedings of the Theriological School – 2018 – Volume 16 – P. 95-98.</citation>
                <citation>The southern birch mouse Sicista subtilis (Dipodoidea) in the Crimea: distribution, habitats, seasonal activity, and abundance. — I. Evstafiev.// Proceedings of the Theriological School – 2020 – Volume 20 – P. 79-90.</citation>
                <citation>The speckled ground squirrel (Spermophilus suslicus) in Belarus: new localities, old threats, and prospects of conservation. — A. Abramchuk, S. Shokalo, Yu. Yankevich. // Proceedings of the Theriological School – 2021 – Volume 21 – P.84-90.</citation>
                <citation>The status of the fur seal population (Arctocephalus gazelle) at the southern edge of the species range (the Argentine Islands). — P. B. Khoyetskyy, D. V. Pishniak.// Proceedings of the Theriological School – 2021 – Volume 21 – P.165-173.</citation>
                <citation>The wildcat (Felis silvestris) in the Uzhansky National Nature Park (Eastern Carpathians). — Koval, N.// Proceedings of the Theriological School – 2017 – Volume 15 – P. 105-110.</citation>
                <citation>TIMOSHENKOV, V. A. Findings of the common hamster (Cricetus cricetus) in Kharkiv Oblast, Ukraine.// Novitates Theriologicae, – 2020 – Pars 11 – P. 119-124.</citation>
                <citation>Tkach V., Fedorchenko A. Records of Pipistrellus kuhli on the South of Ukraine.// Proceedings of the Theriological School – 1998. – Volume 1 – P. 150-152.</citation>
                <citation>TOROP, S. O. The stone marten (Martes foina) in vicinities of Nikopol, Ukraine.// Novitates Theriologicae, – 2020 – Pars 11 – P. 180-199.</citation>
                <citation>TSVELYKH, A. Research into the mammal fauna of the Sviatoshynsko-Bilychansky forest within the Holosiivsky National Nature Park. // Novitates Theriologicae, – 2020 – Pars 11 – P. 77-82.</citation>
                <citation>TYSHCHENKO V. Leisler’s bat (Nyctalus leisleri) in the west of Ukraine.// Novitates Theriologicae – 2003 – Pars 3 – P. 64-70.</citation>
                <citation>Tytar V., Hammer M., MONITORING WOLF (CANIS LUPUS L.) IN THE «KINBURNSKA KOSA» REGIONAL LANDSCAPE PARK.// Учёные записки Таврического национального університета ім. В.И. Вернадского , – 2004 – Серия &quot;Биология, химия&quot;, том 17 – С. 160-170.</citation>
                <citation>The bat fauna (Mammalia, Chiroptera) of Stary Zhaden Zakaznik, Southern Belarus. — Dombrovski, V., Fenchuk, V., Zhurauliou, D.// Proceedings of the Theriological School – 2017 – Volume 15 – P. 3-9.</citation>
                <citation>Urban mammal fauna under conditions of a large city (on the example of Ulyanovsk, Middle Volga Region). — E. Artemieva.// Proceedings of the Theriological School – 2021 – Volume 21 – P. 3-23.</citation>
                <citation>Using species distribution modelling to guide survey efforts of the Snow Leopard (Panthera uncia) in the Central Kyrgyz Ala-Too region. — V. Tytar, T. Asykulov, M. Hammer.// Proceedings of the Theriological School – 2019 – Volume 17 – P. 112-118.</citation>
                <citation>Vargovich R. Hibernation of Bats (Chiroptera) in the Gypsum Caves of Bukovina and Podilja.// Proceedings of the Theriological School – 1998. – Volume 1 – P. 117-123.</citation>
                <citation>VESELSKYI, M. The hamster and ground squirrel (Cricetus cricetus et Spermophilus suslicus) in the north of their range in Zhytomyr Oblast, Ukraine.// Novitates Theriologicae, – 2020 – Pars 11 – P. 136-139.</citation>
                <citation>VIKYRCHAK, O. New data on the expansion of the European beaver (Castor fiber) on the left bank of the Middle Dnister.// Novitates Theriologicae, – 2020 – Pars 11 – P. 140-144.</citation>
                <citation>Vole Microtus subterraneus and shrew Neomys fodiens in Luhansk province: analysis of database of SES for 1990–2007. — Kuznetsov V., Zagorodniuk I.// Proceedings of the Theriological School – 2008. – Volume 9 – P. 270-271.</citation>
                <citation>Voles (Arvicolinae) in the Collection of the Laboratory of Population Ecology, Institute of Zoology, NAS of Ukraine. — Syniavska, I., Rebrov, S., Mischenko, L. // Proceedings of the Theriological School – 2016 – Volume 14 – P. 56-70.</citation>
                <citation>VOLOKH A., P. GORLOV, V. SIOKHIN, I. POLISHCHUK. Species identification of the greater noctule bat (Nyctalus lasiopterus) by its records with detector.// Novitates Theriologicae, – 2020 – Pars 11 – P. 164-174.</citation>
                <citation>Winter records of bats from Roztochia upland. — Igor Zagorodniuk.// Novitates Theriologicae, – 2001 – Pars 6 – P. 116.</citation>
                <citation>ZADOROZHNA, G., GANZHA, D. On the bat fauna of the Dniprо-Orilskiy Nature Reserve.// Novitates Theriologicae, – 2020 – Pars 11 – P. 55-60.</citation>
                <citation>Zagorodniuk I., Kondratenko O. Review of the distribution of Mus spicilegus in the Donets-and-Don steppes.// Novitates Theriologicae – 2005 – Pars 5 – P. 37-38.</citation>
                <citation>ZAGORODNIUK, I. A pipistrelle bat on a ship on the Black Sea: facts, hypotheses, and comparisons with mainland specimens of Pipistrellus.// Novitates Theriologicae, – 2020 – Pars 11 – P. 175-183.</citation>
                <citation>ZAGORODNIUK, I. Fauna of the Derkul river’s floodplain and of Novo-Illienko biostation: bats and insectivores (Chiroptera et Eulipotyphla).// Novitates Theriologicae, – 2015 – Pars 9 – P. 8-31.</citation>
                <citation>ZAGORODNIUK, I. Strand’s birch mouse (Sicista strandi) in the fauna of Ukraine: analysis of zoological collections of natural history museums.// Novitates Theriologicae, – 2020 – Pars 11 – P. 100-106.</citation>
                <citation>ZAGORODNIUK, I., FILIPENKO, S. Rodents (Muriformes) in the exhibition of the Zoological Museum of Luhansk National University.// Novitates Theriologicae, – 2015 – Pars 9 – P. 162-170.</citation>
                <citation>ZORIA, O. The discovery of Microtus agrestis (Rodentia) in Kharkiv Oblast and the southern limit of its distribution in the Dnipro–Don interfluve.// Novitates Theriologicae, – 2015 – Pars 9 – P. 149-153.</citation>
                <citation>VIKYRCHAK, O. New data on the expansion of the European beaver (Castor fiber) on the left bank of the Middle Dnister.// Novitates Theriologicae, – 2020 – Pars 11 – P. 140-144.</citation>
                <citation>Б. Мельниченко, Д. Пилипенко, С. Ширяев, ЧИСЕЛЬНІСТЬ ТА РОЗПОДІЛ КРОТА ЗВИЧАЙНОГО У ВЕЛИКОАНАДОЛЬСЬКОМУ ЛІСОВОМУ МАСИВІ.// Вісник Львівського ун-ту. Серія біологічна., – 2002 – Выпуск 30 – С. 70–75.</citation>
                <citation>А. Волох, 2004, ПОШИРЕННЯ І ЧИСЕЛЬНІСТЬ ЄВРОПЕЙСЬКОЇ НОРКИ (MUSTELA LUTREOLA L., 1766) В УКРАЇНІ // ВІСНИК ЛЬВІВ. УН-ТУ, Серія біологічна — 2004 — Вип. 38. — С. 118-128.</citation>
                <citation>Анатолий АВДЕЕВ , Виктор ТОКАРСКИЙ, ХИЩНЫЕ МЛЕКОПИТАЮЩИЕ В ХАРЬКОВСКОЙ ОБЛАСТИ.// Novitates Theriologicae, – 2005 – Pars 5 – P. 47-50.</citation>
                <citation>Башта А.-Т. В., ВИДОВИЙ СКЛАД РУКОКРИЛИХ (CHIROPTERA) ЗАПЛАВНИХ ЛІСІВ БОРЖАВИ (ЗАКАРПАТТЯ).// Учёные записки Таврического национального університета ім. В.И. Вернадского , – 2004 – Серия &quot;Биология, химия&quot;, том 17 – С. 154-159.</citation>
                <citation>Башта А.-Т., Сребродольська Є.Б., Дикий І.В., Мисюк В.О. Ставкова нічниця Myotis dasycneme в західних областях України // Вісник Луганського державного педагогічного університету імені Тараса Шевченка. – 2002. – №1 (45). – С. 110-112.</citation>
                <citation>В. А. Токарский , А. М. Волох, Н. В. Токарская, Возрождение популяции речного бобра (Castor fiber L.) на Левобережной Украине, Novitates Theriologicae.// Novitates Theriologicae, – 2012 – Pars 8 – P. 37.</citation>
                <citation>Г. Ю. Зайцева-Анциферова, А. Т. Затушевський , Т. І. Лисачук, Вовчки на заповідних територіях Волинської області// Novitates Theriologicae, – 2012 – Pars 8 – P. 20.</citation>
                <citation>Дулицкий А. И., Коваленко И. С. Материалы по рукокрылым Крыма в зоологических собраниях Украины и России // Вопросы развития Крыма. Вып. 15. Вопросы экологии Крыма. Инвентаризация крымской биоты. – Симферополь: Таврия-Плюс, 2003. - C. 197-210.</citation>
                <citation>Евгений Скубак, Встреча перевязки (Vormela peregusna) на севере Донецкой области // Novitates Theriologicae, – 2012 – Pars 8 – P. 34.</citation>
                <citation>Зоря, А., Г. Ткач, В. Наглов. Питание ушастой совы (Asio otus l.) на юго-востоке Харьковской области.// Novitates Theriologicae, – 2005 – Pars 5 – P. 41-43.</citation>
                <citation>І. В. Загороднюк, АЛОВИДИ САРНИ (CAPREOLUS): ПРИРОДА ВІДМІННОСТЕЙ МІЖ НИМИ І СТАТУС ПОПУЛЯЦІЙ З УКРАЇНИ // Вісник Луганського державного педагогічного університету імені Тараса Шевченка — 2002. — № 1. — С. 206-222.</citation>
                <citation>Кондратенко А. В., ТЕРИОЛОГИЧЕСКИЕ ИССЛЕДОВАНИЯ В ЗАПОВЕДНИКЕ «ПРОВАЛЬСКАЯ СТЕПЬ»// Вісник Луганського державного педагогічного університету імені Тараса Шевченка – 2002 – Випуск 1 – С. 19-24.</citation>
                <citation>Лиманский С. В., Кондратенко А. В., СОВРЕМЕННОЕ СОСТОЯНИЕ ТЕРИОФАУНЫ ЗАПОВЕДНИКА «МЕЛОВАЯ ФЛОРА».// Вісник Луганського державного педагогічного університету імені Тараса Шевченка – 2002 – Випуск 1(45) – С. 25-28.</citation>
                <citation>Надія С. РУЖІЛЕНКО, ВОВК НА ЧЕРКАЩИНІ, // Novitates Theriologicae – 2001 – Pars 4 – P. 48-49.</citation>
                <citation>Надія АНТОНЕЦЬ, МИША КУРГАНЦЕВА І МИШІВКА СТЕПОВА, У ДНІПРОВСЬКО-ОРІЛЬСЬКОМУ ЗАПОВІДНИКУ, // Novitates Theriologicae, – 2005 – Pars 5 – P. 44-46.</citation>
                <citation>О. В. Кусьнеж , В. Ч. Домбровський, М. В. Скирпан, Знахідки Barbastella barbastellus та Myotis brandtii у Природному парку «Прип’ятський» (Білорусь) // Novitates Theriologicae, – 2012 – Pars 8 – P. 28.</citation>
                <citation>Олексій Книга, Урбанофауна міста Херсона // Novitates Theriologicae, – 2012 – Pars 8 – P. 25.</citation>
                <citation>Павло ХОЄЦЬКИЙ, ДО ПИТАННЯ ПРО СТАН ПОПУЛЯЦІЇ ВОВКА В УКРАЇНІ, // Novitates Theriologicae – 2001 – Pars 4 – P. 43-44.</citation>
                <citation>Петрушенко Я. В., Годлевська О. В., Загороднюк I. В. Дослідження населення кажанів в заплаві Сіверського Донця // Вісник Луганського державного педагогічного університету. Біологічні науки. — 2002. — № 1 (45) (Теріологія в Україні 2002). — С. 121–124.</citation>
                <citation>Поліщук І.К. Мисливська фауна ссавців Біосферного заповідника «Асканія-Нова» та її динаміка // Вісник Луганського державного педагогічного університету ім. Тараса Шевченка. Біологічні науки – 2002. – № 1 (45). – С. 29-32.</citation>
                <citation>Ружіленко Н. С., 2002, ВИДОВИЙ СКЛАД І ДИНАМІКА НАСЕЛЕННЯ ЗЕМЛЕРИЙОК (SORICIDAE) ЗАПЛАВНИХ ОСТРОВІВ КАНІВСЬКОГО ЗАПОВІДНИКА // Вісник Луганського державного педагогічного університету. Біологічні науки. — 2002. — № 1 (45) (Теріологія в Україні 2002). — С. 125-135.</citation>
                <citation>Сергій Ребров,  Знахідки нетопирів (Pipistrellus) на Луганщині у сховищах антропогенного походження.// Novitates Theriologicae, – 2012 – Pars 8 – P. 60.</citation>
                <citation>Ситникова Е. Ф., ХИЩНЫЕ МЛЕКОПИТАЮЩИЕ БИОСФЕРНОГО ЗАПОВЕДНИКА &quot;БРЯНСКИЙ ЛЕС&quot; (РОССИЯ, БРЯНСКАЯ ОБЛАСТЬ).// Учёные записки Таврического национального університета ім. В.И. Вернадского , – 2004 – Серия &quot;Биология, химия&quot;, том 17 – С. 144-150.</citation>
                <citation>Скоробогатов Е. В., Атемасова Т. А., Атемасов А. А., ДИНАМИКА БОБРОВЫХ ПОСЕЛЕНИЙ В МЕЛИОРИРОВАННОЙ ПОЙМЕ, // Учёные записки Таврического национального університета ім. В.И. Вернадского , – 2004 – Серия &quot;Биология, химия&quot;, том 17 – С. 186-191.</citation>
                <citation>Сребродольська Є. Б., Дикий І., Мисюк В.О, ТЕРІОФАУНА ШАЦЬКОГО НАЦІОНАЛЬНОГО ПРИРОДНОГО ПАРКУ.// Учёные записки Таврического национального університета ім. В.И. Вернадского , – 2004 – Серия &quot;Биология, химия&quot;, том 17 – С. 134-143.</citation>
                <citation>Тимошенков В. А. Хищные млекопитающие заповедника «Хомутовская степь» // Вісник Луганського державного педагогічного університету імені Тараса Шевченка — 2002. — № 1. — С. 192–194.</citation>
                <citation>Тищенко В. М.,  ПІЗНЬОЛІТНІ СКУПЧЕННЯ КАЖАНІВ (CHIROPTERA) У ПІДЗЕМЕЛЛЯХ ПОДІЛЛЯ.// Учёные записки Таврического национального університета ім. В.И. Вернадского , – 2004 – Серия &quot;Биология, химия&quot;, том 17 – С. 98-104.</citation>
                <citation>Тищенко В. М., 2002, СУЧАСНИЙ СТАН ТА ЕКОЛОГІЧНІ ОСОБЛИВОСТІ НІЧНИЦІ ВОДЯНОЇ (MYOTIS DAUBENTONII) НА ПОДІЛЛІ // Вісник Луганського державного педагогічного університету. Біологічні науки. — 2002. — № 1 (45) (Теріологія в Україні 2002). — С. 140-149.</citation>
                <citation>Ю. Зізда, А. Крон, М. Маркович,  Огляд зимових знахідок кажанів-мігрантів у м. Ужгород // Novitates Theriologicae, – 2012 – Pars 8 – P. 21.</citation>
                <citation>Ярослав ПЕТРУШЕНКО, Олена ГОДЛЕВСЬКА, ЗИМОВІ ЗНАХІДКИ КАЖАНІВ НА КЕРЧЕНСЬКОМУ ПІВОСТРОВІ.// Novitates Theriologicae, – 2005 – Pars 5 – P. 59.</citation>
                <citation>Barkaszi, Z., &amp; Zagorodniuk, I. (2018). Living on the edge: distribution patterns of steppe mammals in Transcarpathia (Ukraine). Біологічні студії, (12,№ 3-4), 75-94.</citation>
                </bibliography>
                <formationPeriod>1828/2021</formationPeriod>
            </gbif>
        </metadata>
    </additionalMetadata>
    </eml:eml>
