<?xml version="1.0" encoding="utf-8"?>
<eml:eml xmlns:eml="https://eml.ecoinformatics.org/eml-2.2.0" xmlns:xsi="http://www.w3.org/2001/XMLSchema-instance"
         xsi:schemaLocation="https://eml.ecoinformatics.org/eml-2.2.0 https://rs.gbif.org/schema/eml-gbif-profile/1.3/eml.xsd"
packageId="6b524ea4-2593-49de-8e38-cbd87965265b"  system="http://gbif.org" scope="system"
xml:lang="en">
    <dataset>
        <alternateIdentifier>10.15468/ap3rbd</alternateIdentifier>
        <alternateIdentifier>b03eb233-f072-4a12-b9a6-58c2ac0fae36</alternateIdentifier>
        <title>Natural History Museum Aarhus Vertebrate Collection</title>
        <metadataProvider>
            <individualName>
                <givenName>Hans Viborg</givenName>
                <surName>Kristensen</surName>
            </individualName>
            <organizationName>Natural History Museum Aarhus</organizationName>
            <positionName>Collections manager</positionName>
            <phone>+45 40 27 13 73</phone>
            <electronicMailAddress>hans@nathist.dk</electronicMailAddress>
            <onlineUrl>https://www.naturhistoriskmuseum.dk/om-museet/medarbejdere/videnskab/hans-viborg-kristensen</onlineUrl>
        </metadataProvider>
        <associatedParty>
            <individualName>
                <givenName>Kent</givenName>
                <surName>Olsen</surName>
            </individualName>
            <organizationName>Natural History Museum Aarhus</organizationName>
            <positionName>Curator</positionName>
            <phone>+45 40 27 20 30</phone>
            <electronicMailAddress>kent@molslab.dk</electronicMailAddress>
            <onlineUrl>https://www.naturhistoriskmuseum.dk/natural-history-museum-aarhus/about/employees/videnskabelige-medarbejdere/kent-olsen</onlineUrl>
            <role>CURATOR</role>
        </associatedParty>
        <associatedParty>
            <individualName>
                <givenName>Fedor Alexander</givenName>
                <surName>Steeman</surName>
            </individualName>
            <organizationName>Natural History Museum of Denmark</organizationName>
            <positionName>Data Coordinator</positionName>
            <address>
                <deliveryPoint>Universitetsparken 15</deliveryPoint>
                <city>Copenhagen</city>
                <administrativeArea>Capital Region of Denmark</administrativeArea>
                <postalCode>2100</postalCode>
                <country>DENMARK</country>
            </address>
            <phone>+45 22369539</phone>
            <electronicMailAddress>fedor.steeman@snm.ku.dk</electronicMailAddress>
            <onlineUrl>https://snm.ku.dk/english/</onlineUrl>
            <userId directory="http://orcid.org/">0000-0002-2153-8104</userId>
            <role>DISTRIBUTOR</role>
        </associatedParty>
        <pubDate>
                2025-01-17
        </pubDate>
        <language>ENGLISH</language>
        <abstract>
            The mammal collections include taxidermy, skin- and skeleton specimens as well as tissue samples from ca 20,000 specimens. The majority of the specimen are collected in Denmark, but some are from the museum’s East African expeditions in the 1940s and 50s.The ornithological collections include taxidermy, skin and skeleton specimen as well as eggs and nests of mainly Danish and European species as well as a few exotic species. The collection contains ca 20,000 specimens. In addition to the physical specimens, the ornithology collection contains a unique Bio Acoustics collection of ca 16,000 recordings of bird songs and calls recorded by Poul Bondesen and Poul Hansen from 1950 to 2000.
        </abstract>
        <keywordSet>
            <keyword>taxidermy</keyword>
            <keyword>Aarhus</keyword>
            <keyword>mammalogy</keyword>
            <keyword>acoustics</keyword>
            <keyword>vertebrate</keyword>
            <keyword>Denmark</keyword>
            <keyword>ornithology</keyword>
            <keyword>zoology</keyword>
            <keywordThesaurus>n/a</keywordThesaurus>
        </keywordSet>
        <keywordSet>
            <keyword>Specimen</keyword>
            <keywordThesaurus>GBIF Dataset Subtype Vocabulary: http://rs.gbif.org/vocabulary/gbif/dataset_subtype.xml</keywordThesaurus>
        </keywordSet>
        <keywordSet>
            <keyword>Occurrence</keyword>
            <keywordThesaurus>GBIF Dataset Type Vocabulary: http://rs.gbif.org/vocabulary/gbif/dataset_type.xml</keywordThesaurus>
        </keywordSet>
        <intellectualRights>
            <para>This work is licensed under a <ulink url="http://creativecommons.org/licenses/by/4.0/legalcode"><citetitle>Creative Commons Attribution (CC-BY) 4.0 License</citetitle></ulink>.</para>
        </intellectualRights>
        <licensed>
            <licenseName>Creative Commons Attribution 4.0 International</licenseName>
            <url>https://spdx.org/licenses/CC-BY-4.0.html</url>
            <identifier>CC-BY-4.0</identifier>
        </licensed>
        <distribution scope="document">
            <online>
                <url function="download">https://specify-nhma.science.ku.dk/static/depository/export_feed/DwCA-V.zip</url>
            </online>
        </distribution>

    </dataset>

    <additionalMetadata>
        <metadata>
            <gbif>
                <dateStamp>2025-02-13T18:20:28Z</dateStamp>
                <citation>Natural History Museum Aarhus (2025). Natural History Museum Aarhus Vertebrate Collection. Occurrence dataset https://doi.org/10.15468/ap3rbd accessed via GBIF.org on 2025-02-13.</citation>
            </gbif>
        </metadata>
    </additionalMetadata>
    </eml:eml>
