<?xml version="1.0" encoding="utf-8"?>
<eml:eml xmlns:eml="https://eml.ecoinformatics.org/eml-2.2.0" xmlns:xsi="http://www.w3.org/2001/XMLSchema-instance"
         xsi:schemaLocation="https://eml.ecoinformatics.org/eml-2.2.0 https://rs.gbif.org/schema/eml-gbif-profile/1.3/eml.xsd"
packageId="6edd79f3-2a02-43ab-ac65-80ea6ae1a443"  system="http://gbif.org" scope="system"
xml:lang="en">
    <dataset>
        <alternateIdentifier>10.15468/wtucv2</alternateIdentifier>
        <alternateIdentifier>6edd79f3-2a02-43ab-ac65-80ea6ae1a443</alternateIdentifier>
        <alternateIdentifier>http://gbif.ru:8080/ipt/resource?r=small_mammals_of_mordovia_reserve_and_smolny</alternateIdentifier>
        <title>Occurrence of small mammals in Mordovia State Nature Reserve and National Park “Smolny” (European Russia)</title>
        <creator>
            <individualName>
                <givenName>Nadezhda Yu.</givenName>
                <surName>Kirillova</surName>
            </individualName>
            <organizationName>Samara Federal Research Scientific Center RAS, Institute of Ecology of the Volga River Basin of RAS</organizationName>
            <positionName>Senior researcher</positionName>
            <address>
                <deliveryPoint>Komzina street, 10</deliveryPoint>
                <city>Togliatti</city>
                <administrativeArea>Samara Region</administrativeArea>
                <postalCode>445003</postalCode>
                <country>RUSSIAN_FEDERATION</country>
            </address>
            <phone>+79171451140</phone>
            <electronicMailAddress>parasitolog@yandex.ru</electronicMailAddress>
            <onlineUrl>http://www.ievbras.ru</onlineUrl>
            <userId directory="http://orcid.org/">0000-0002-4585-8970</userId>
        </creator>
        <creator>
            <individualName>
                <givenName>Alexander A.</givenName>
                <surName>Kirillov</surName>
            </individualName>
            <organizationName>Samara Federal Research Scientific Center RAS, Institute of Ecology of the Volga River Basin of RAS</organizationName>
            <positionName>Senior researcher</positionName>
            <address>
                <deliveryPoint>Komzina str., 10</deliveryPoint>
                <city>Togliatti</city>
                <administrativeArea>Samara Region</administrativeArea>
                <postalCode>445003</postalCode>
                <country>RUSSIAN_FEDERATION</country>
            </address>
            <phone>+79179495817</phone>
            <electronicMailAddress>parasitolog@yandex.ru</electronicMailAddress>
            <onlineUrl>http://www.ievbras.ru</onlineUrl>
            <userId directory="http://orcid.org/">0000-0002-4374-8858</userId>
        </creator>
        <creator>
            <individualName>
                <givenName>Alexander B.</givenName>
                <surName>Ruchin</surName>
            </individualName>
            <organizationName>Joint Directorate of Mordovia State Nature Reserve and National Park «Smolny»</organizationName>
            <positionName>Director</positionName>
            <address>
                <deliveryPoint>Krasnaya Street, 30</deliveryPoint>
                <city>Saransk</city>
                <administrativeArea>Republic of Mordovia</administrativeArea>
                <postalCode>430005</postalCode>
                <country>RUSSIAN_FEDERATION</country>
            </address>
            <electronicMailAddress>ruchin.alexander@gmail.com</electronicMailAddress>
            <onlineUrl>http://zapoved-mordovia.ru</onlineUrl>
            <userId directory="https://orcid.org/">0000-0003-2653-3879</userId>
        </creator>
        <creator>
            <individualName>
                <givenName>Maxim A.</givenName>
                <surName>Alpeev</surName>
            </individualName>
            <organizationName>Joint Directorate of Mordovia State Nature Reserve and National Park «Smolny»</organizationName>
            <positionName>Researcher</positionName>
            <address>
                <deliveryPoint>Krasnaya Street, 30</deliveryPoint>
                <city>Saransk</city>
                <administrativeArea>Republic of Mordovia</administrativeArea>
                <postalCode>430005</postalCode>
                <country>RUSSIAN_FEDERATION</country>
            </address>
            <electronicMailAddress>alpeev2013@gmail.com</electronicMailAddress>
            <onlineUrl>http://zapoved-mordovia.ru</onlineUrl>
        </creator>
        <creator>
            <individualName>
                <givenName>Dmitriy G.</givenName>
                <surName>Smirnov</surName>
            </individualName>
            <organizationName>Penza State University</organizationName>
            <positionName>Assistant Professor</positionName>
            <address>
                <deliveryPoint>Krasnaya Street, 40</deliveryPoint>
                <city>Penza</city>
                <administrativeArea>Penza Region</administrativeArea>
                <postalCode>440026</postalCode>
                <country>RUSSIAN_FEDERATION</country>
            </address>
            <electronicMailAddress>eptesicus@mail.ru</electronicMailAddress>
            <onlineUrl>https://dep_zoo.pnzgu.ru/team/smirnov</onlineUrl>
            <userId directory="https://orcid.org/">0000-0002-9109-1344</userId>
        </creator>
        <creator>
            <individualName>
                <givenName>Vladimir P.</givenName>
                <surName>Vekhnik</surName>
            </individualName>
            <organizationName>The Zhiguli State Natural Biosphere Reserve</organizationName>
            <positionName>Senior researcher</positionName>
            <address>
                <deliveryPoint>Zapovednaya, house 8, flat 2</deliveryPoint>
                <city>Bakhilova Polyana Village, Zhigulyovsk city</city>
                <administrativeArea>Samara Region</administrativeArea>
                <postalCode>445362</postalCode>
                <country>RUSSIAN_FEDERATION</country>
            </address>
            <electronicMailAddress>vekhnik@gmail.com</electronicMailAddress>
            <onlineUrl>http://zhreserve.ru/</onlineUrl>
            <userId directory="http://orcid.org/">0000-0002-5091-0358</userId>
        </creator>
        <metadataProvider>
            <individualName>
                <givenName>Nadezhda Yu.</givenName>
                <surName>Kirillova</surName>
            </individualName>
            <organizationName>Samara Federal Research Scientific Center RAS, Institute of Ecology of the Volga River Basin of RAS</organizationName>
            <positionName>Senior researcher</positionName>
            <address>
                <deliveryPoint>Komzina street, 10</deliveryPoint>
                <city>Togliatti</city>
                <administrativeArea>Samara Region</administrativeArea>
                <postalCode>445003</postalCode>
                <country>RUSSIAN_FEDERATION</country>
            </address>
            <phone>+79171451140</phone>
            <electronicMailAddress>parasitolog@yandex.ru</electronicMailAddress>
            <onlineUrl>http://www.ievbras.ru</onlineUrl>
            <userId directory="http://orcid.org/">0000-0002-4585-8970</userId>
        </metadataProvider>
        <metadataProvider>
            <individualName>
                <givenName>Alexander A.</givenName>
                <surName>Kirillov</surName>
            </individualName>
            <organizationName>Samara Federal Research Scientific Center RAS, Institute of Ecology of the Volga River Basin of RAS</organizationName>
            <positionName>Senior researcher</positionName>
            <address>
                <deliveryPoint>Komzina str., 10</deliveryPoint>
                <city>Togliatti</city>
                <administrativeArea>Samara Region</administrativeArea>
                <postalCode>445003</postalCode>
                <country>RUSSIAN_FEDERATION</country>
            </address>
            <phone>+79179495817</phone>
            <electronicMailAddress>parasitolog@yandex.ru</electronicMailAddress>
            <onlineUrl>http://www.ievbras.ru</onlineUrl>
            <userId directory="http://orcid.org/">0000-0002-4374-8858</userId>
        </metadataProvider>
        <metadataProvider>
            <individualName>
                <givenName>Alexander B.</givenName>
                <surName>Ruchin</surName>
            </individualName>
            <organizationName>Joint Directorate of Mordovia State Nature Reserve and National Park «Smolny»</organizationName>
            <positionName>Director</positionName>
            <address>
                <deliveryPoint>Krasnaya Street, 30</deliveryPoint>
                <city>Saransk</city>
                <administrativeArea>Republic of Mordovia</administrativeArea>
                <postalCode>430005</postalCode>
                <country>RUSSIAN_FEDERATION</country>
            </address>
            <electronicMailAddress>ruchin.alexander@gmail.com</electronicMailAddress>
            <onlineUrl>http://zapoved-mordovia.ru</onlineUrl>
            <userId directory="https://orcid.org/">0000-0003-2653-3879</userId>
        </metadataProvider>
        <metadataProvider>
            <individualName>
                <givenName>Maxim A.</givenName>
                <surName>Alpeev</surName>
            </individualName>
            <organizationName>Joint Directorate of Mordovia State Nature Reserve and National Park «Smolny»</organizationName>
            <positionName>Researcher</positionName>
            <address>
                <deliveryPoint>Krasnaya Street, 30</deliveryPoint>
                <city>Saransk</city>
                <administrativeArea>Republic of Mordovia</administrativeArea>
                <postalCode>430005</postalCode>
                <country>RUSSIAN_FEDERATION</country>
            </address>
            <electronicMailAddress>alpeev2013@gmail.com</electronicMailAddress>
            <onlineUrl>http://zapoved-mordovia.ru</onlineUrl>
        </metadataProvider>
        <metadataProvider>
            <individualName>
                <givenName>Dmitriy G.</givenName>
                <surName>Smirnov</surName>
            </individualName>
            <organizationName>Penza State University</organizationName>
            <positionName>Assistant Professor</positionName>
            <address>
                <deliveryPoint>Krasnaya Street, 40</deliveryPoint>
                <city>Penza</city>
                <administrativeArea>Penza Region</administrativeArea>
                <postalCode>440026</postalCode>
                <country>RUSSIAN_FEDERATION</country>
            </address>
            <electronicMailAddress>eptesicus@mail.ru</electronicMailAddress>
            <onlineUrl>https://dep_zoo.pnzgu.ru/team/smirnov</onlineUrl>
            <userId directory="https://orcid.org/">0000-0002-9109-1344</userId>
        </metadataProvider>
        <metadataProvider>
            <individualName>
                <givenName>Vladimir P.</givenName>
                <surName>Vekhnik</surName>
            </individualName>
            <organizationName>The Zhiguli State Natural Biosphere Reserve</organizationName>
            <positionName>Senior researcher</positionName>
            <address>
                <deliveryPoint>Zapovednaya, house 8, flat 2</deliveryPoint>
                <city>Bakhilova Polyana Village, Zhigulyovsk city</city>
                <administrativeArea>Samara Region</administrativeArea>
                <postalCode>445362</postalCode>
                <country>RUSSIAN_FEDERATION</country>
            </address>
            <electronicMailAddress>vekhnik@gmail.com</electronicMailAddress>
            <onlineUrl>http://zhreserve.ru/</onlineUrl>
            <userId directory="http://orcid.org/">0000-0002-5091-0358</userId>
        </metadataProvider>
        <pubDate>
                2024-03-20
        </pubDate>
        <language>ENGLISH</language>
        <abstract>
            Our dataset includes 7950 records of small mammals (Erinaceomorpha, Soricomorpha, Chiroptera and Rodentia) in Mordovia State Nature Reserve and National Park “Smolny” (European Russia). The data on 35 species of micromammals belonging to 4 orders, 21 genera and 9 families are presented. The dataset summarizes small mammals’ occurrences obtained by field studies in the territory of this protected area between 2018 to 2023. Each occurrence record contains the species name, basis of record, age and sex of studied animals, females’ reproductive conditions, geographic coordinates, coordinate accuracy, date of the record and authors of the record and species identification. All occurrence records are georeferenced. The dataset is based on research of the staff of the Institute of Ecology of the Volga River basin of the Russian Academy of Sciences and the Joint Directorate of the Mordovia State Nature Reserve and National Park “Smolny”. A major part of the data set was obtained during our helminthological study of micromammals. Another part of the data was obtained when studying ecology and abundance of chiropterans using mist nets. Our studies of rodents and insectivores were conducted by trap lines and direct observations in nature.
        </abstract>
        <keywordSet>
            <keyword>Occurrence</keyword>
            <keywordThesaurus>GBIF Dataset Type Vocabulary: http://rs.gbif.org/vocabulary/gbif/dataset_type_2015-07-10.xml</keywordThesaurus>
        </keywordSet>
        <keywordSet>
            <keyword>Specimen</keyword>
            <keywordThesaurus>GBIF Dataset Subtype Vocabulary: http://rs.gbif.org/vocabulary/gbif/dataset_subtype.xml</keywordThesaurus>
        </keywordSet>
        <intellectualRights>
            <para>This work is licensed under a <ulink url="http://creativecommons.org/licenses/by/4.0/legalcode"><citetitle>Creative Commons Attribution (CC-BY) 4.0 License</citetitle></ulink>.</para>
        </intellectualRights>
        <licensed>
            <licenseName>Creative Commons Attribution 4.0 International</licenseName>
            <url>https://spdx.org/licenses/CC-BY-4.0.html</url>
            <identifier>CC-BY-4.0</identifier>
        </licensed>
        <distribution scope="document">
            <online>
                <url function="download">http://gbif.ru:8080/ipt/archive.do?r=small_mammals_of_mordovia_reserve_and_smolny</url>
            </online>
        </distribution>
        <coverage>
            <geographicCoverage>
                <geographicDescription>Republic of Mordovia, Middle Volga region (Russian Federation)</geographicDescription>
                <boundingCoordinates>
                    <westBoundingCoordinate>43.069</westBoundingCoordinate>
                    <eastBoundingCoordinate>45.562</eastBoundingCoordinate>
                    <northBoundingCoordinate>54.933</northBoundingCoordinate>
                    <southBoundingCoordinate>54.7</southBoundingCoordinate>
                </boundingCoordinates>
            </geographicCoverage>
            <taxonomicCoverage>
                <taxonomicClassification>
                    <taxonRankName>Order</taxonRankName>
                    <taxonRankValue>Chiroptera</taxonRankValue>
                </taxonomicClassification>
                <taxonomicClassification>
                    <taxonRankName>Order</taxonRankName>
                    <taxonRankValue>Erinaceomorpha</taxonRankValue>
                </taxonomicClassification>
                <taxonomicClassification>
                    <taxonRankName>Order</taxonRankName>
                    <taxonRankValue>Rodentia</taxonRankValue>
                </taxonomicClassification>
                <taxonomicClassification>
                    <taxonRankName>Order</taxonRankName>
                    <taxonRankValue>Soricomorpha</taxonRankValue>
                </taxonomicClassification>
                <taxonomicClassification>
                    <taxonRankName>Species</taxonRankName>
                    <taxonRankValue>Apodemus agrarius (Pallas, 1771)</taxonRankValue>
                </taxonomicClassification>
                <taxonomicClassification>
                    <taxonRankName>Species</taxonRankName>
                    <taxonRankValue>Apodemus flavicollis (Melchior, 1834)</taxonRankValue>
                </taxonomicClassification>
                <taxonomicClassification>
                    <taxonRankName>Species</taxonRankName>
                    <taxonRankValue>Apodemus uralensis (Pallas, 1811)</taxonRankValue>
                </taxonomicClassification>
                <taxonomicClassification>
                    <taxonRankName>Species</taxonRankName>
                    <taxonRankValue>Arvicola amphibius (Linnaeus, 1758)</taxonRankValue>
                </taxonomicClassification>
                <taxonomicClassification>
                    <taxonRankName>Species</taxonRankName>
                    <taxonRankValue>Crocidura suaveolens (Pallas, 1811)</taxonRankValue>
                </taxonomicClassification>
                <taxonomicClassification>
                    <taxonRankName>Species</taxonRankName>
                    <taxonRankValue>Dryomys nitedula (Pallas, 1778)</taxonRankValue>
                </taxonomicClassification>
                <taxonomicClassification>
                    <taxonRankName>Species</taxonRankName>
                    <taxonRankValue>Erinaceus roumanicus Barrett-Hamilton, 1900</taxonRankValue>
                </taxonomicClassification>
                <taxonomicClassification>
                    <taxonRankName>Species</taxonRankName>
                    <taxonRankValue>Glis glis (Linnaeus, 1766)</taxonRankValue>
                </taxonomicClassification>
                <taxonomicClassification>
                    <taxonRankName>Species</taxonRankName>
                    <taxonRankValue>Micromys minutus (Pallas, 1771)</taxonRankValue>
                </taxonomicClassification>
                <taxonomicClassification>
                    <taxonRankName>Species</taxonRankName>
                    <taxonRankValue>Microtus agrestis (Linnaeus, 1761)</taxonRankValue>
                </taxonomicClassification>
                <taxonomicClassification>
                    <taxonRankName>Species</taxonRankName>
                    <taxonRankValue>Microtus cf arvalis (Pallas, 1779)</taxonRankValue>
                </taxonomicClassification>
                <taxonomicClassification>
                    <taxonRankName>Species</taxonRankName>
                    <taxonRankValue>Microtus oeconomus (Pallas, 1776)</taxonRankValue>
                </taxonomicClassification>
                <taxonomicClassification>
                    <taxonRankName>Species</taxonRankName>
                    <taxonRankValue>Microtus subterraneus (de Selys-Longchamps, 1836)</taxonRankValue>
                </taxonomicClassification>
                <taxonomicClassification>
                    <taxonRankName>Species</taxonRankName>
                    <taxonRankValue>Mus musculus Linnaeus, 1758</taxonRankValue>
                </taxonomicClassification>
                <taxonomicClassification>
                    <taxonRankName>Species</taxonRankName>
                    <taxonRankValue>Myodes glareolus (Schreber, 1780)</taxonRankValue>
                </taxonomicClassification>
                <taxonomicClassification>
                    <taxonRankName>Species</taxonRankName>
                    <taxonRankValue>Myotis brandtii Eversmann, 1845</taxonRankValue>
                </taxonomicClassification>
                <taxonomicClassification>
                    <taxonRankName>Species</taxonRankName>
                    <taxonRankValue>Myotis dasycneme (Boie, 1825)</taxonRankValue>
                </taxonomicClassification>
                <taxonomicClassification>
                    <taxonRankName>Species</taxonRankName>
                    <taxonRankValue>Myotis daubentonii (Kuhl, 1817)</taxonRankValue>
                </taxonomicClassification>
                <taxonomicClassification>
                    <taxonRankName>Species</taxonRankName>
                    <taxonRankValue>Myotis nattereri (Kuhl, 1817)</taxonRankValue>
                </taxonomicClassification>
                <taxonomicClassification>
                    <taxonRankName>Species</taxonRankName>
                    <taxonRankValue>Neomys milleri Mottaz, 1907</taxonRankValue>
                </taxonomicClassification>
                <taxonomicClassification>
                    <taxonRankName>Species</taxonRankName>
                    <taxonRankValue>Neomys fodiens Pennant, 1771</taxonRankValue>
                </taxonomicClassification>
                <taxonomicClassification>
                    <taxonRankName>Species</taxonRankName>
                    <taxonRankValue>Nyctalus leisleri (Kuhl, 1817)</taxonRankValue>
                </taxonomicClassification>
                <taxonomicClassification>
                    <taxonRankName>Species</taxonRankName>
                    <taxonRankValue>Nyctalus noctula (Schreber, 1774)</taxonRankValue>
                </taxonomicClassification>
                <taxonomicClassification>
                    <taxonRankName>Species</taxonRankName>
                    <taxonRankValue>Pipistrellus nathusii Keyserling &amp; Blasius, 1839</taxonRankValue>
                </taxonomicClassification>
                <taxonomicClassification>
                    <taxonRankName>Species</taxonRankName>
                    <taxonRankValue>Pipistrellus pygmaeus Leach, 1825</taxonRankValue>
                </taxonomicClassification>
                <taxonomicClassification>
                    <taxonRankName>Species</taxonRankName>
                    <taxonRankValue>Plecotus auritus (Linnaeus, 1758)</taxonRankValue>
                </taxonomicClassification>
                <taxonomicClassification>
                    <taxonRankName>Species</taxonRankName>
                    <taxonRankValue>Rattus norvegicus (Berkenhout, 1769)</taxonRankValue>
                </taxonomicClassification>
                <taxonomicClassification>
                    <taxonRankName>Species</taxonRankName>
                    <taxonRankValue>Sciurus vulgaris (Linnaeus, 1758)</taxonRankValue>
                </taxonomicClassification>
                <taxonomicClassification>
                    <taxonRankName>Species</taxonRankName>
                    <taxonRankValue>Sicista betulina Pallas, 1779</taxonRankValue>
                </taxonomicClassification>
                <taxonomicClassification>
                    <taxonRankName>Species</taxonRankName>
                    <taxonRankValue>Sorex araneus Linnaeus, 1758</taxonRankValue>
                </taxonomicClassification>
                <taxonomicClassification>
                    <taxonRankName>Species</taxonRankName>
                    <taxonRankValue>Sorex caecutiens Laxmann, 1788</taxonRankValue>
                </taxonomicClassification>
                <taxonomicClassification>
                    <taxonRankName>Species</taxonRankName>
                    <taxonRankValue>Sorex isodon Turov, 1924</taxonRankValue>
                </taxonomicClassification>
                <taxonomicClassification>
                    <taxonRankName>Species</taxonRankName>
                    <taxonRankValue>Sorex minutus Linnaeus, 1766</taxonRankValue>
                </taxonomicClassification>
                <taxonomicClassification>
                    <taxonRankName>Species</taxonRankName>
                    <taxonRankValue>Talpa europaea Linnaeus, 1758</taxonRankValue>
                </taxonomicClassification>
                <taxonomicClassification>
                    <taxonRankName>Species</taxonRankName>
                    <taxonRankValue>Vespertilio murinus Linnaeus, 1758</taxonRankValue>
                </taxonomicClassification>
            </taxonomicCoverage>
        </coverage>
        <maintenance>
            <description>
                <para></para>
            </description>
            <maintenanceUpdateFrequency>unkown</maintenanceUpdateFrequency>
        </maintenance>
        <contact>
            <individualName>
                <givenName>Nadezhda Yu.</givenName>
                <surName>Kirillova</surName>
            </individualName>
            <organizationName>Samara Federal Research Scientific Center RAS, Institute of Ecology of the Volga River Basin of RAS</organizationName>
            <positionName>Senior researcher</positionName>
            <address>
                <deliveryPoint>Komzina street, 10</deliveryPoint>
                <city>Togliatti</city>
                <administrativeArea>Samara Region</administrativeArea>
                <postalCode>445003</postalCode>
                <country>RUSSIAN_FEDERATION</country>
            </address>
            <phone>+79171451140</phone>
            <electronicMailAddress>parasitolog@yandex.ru</electronicMailAddress>
            <onlineUrl>http://www.ievbras.ru</onlineUrl>
            <userId directory="http://orcid.org/">0000-0002-4585-8970</userId>
        </contact>

            <project >
                <title>This research was performed within the framework of the state assignment 1-22-31-1 from Ministry of Natural Resources and Ecology of the Russian Federation.</title>
                <abstract>
                    <para></para>
                </abstract>
                <funding>
                    <para></para>
                </funding>
            </project>
    </dataset>

    <additionalMetadata>
        <metadata>
            <gbif>
                <dateStamp>2025-02-13T18:19:53Z</dateStamp>
                <citation>Kirillova N Y, Kirillov A A, Ruchin A B, Alpeev M A, Smirnov D G, Vekhnik V P (2024). Occurrence of small mammals in Mordovia State Nature Reserve and National Park “Smolny” (European Russia). Version 1.2. Joint Directorate of the Mordovia State Nature Reserve and National Park &quot;Smolny&quot;. Occurrence dataset https://doi.org/10.15468/wtucv2 accessed via GBIF.org on 2025-02-13.</citation>
                <formationPeriod>2018-2023</formationPeriod>
            </gbif>
        </metadata>
    </additionalMetadata>
    </eml:eml>
