<?xml version="1.0" encoding="utf-8"?>
<eml:eml xmlns:eml="https://eml.ecoinformatics.org/eml-2.2.0" xmlns:xsi="http://www.w3.org/2001/XMLSchema-instance"
         xsi:schemaLocation="https://eml.ecoinformatics.org/eml-2.2.0 https://rs.gbif.org/schema/eml-gbif-profile/1.3/eml.xsd"
packageId="71e23034-f762-11e1-a439-00145eb45e9a"  system="http://gbif.org" scope="system"
xml:lang="en">
    <dataset>
        <alternateIdentifier>10.15468/aiacou</alternateIdentifier>
        <alternateIdentifier>https://science-net.kahaku.go.jp/ipt2/resource?r=snet-1129-101</alternateIdentifier>
        <alternateIdentifier>http://science-net.kahaku.go.jp/ipt2/resource?r=snet-1129-101</alternateIdentifier>
        <alternateIdentifier>http://gbif.science-net.kahaku.go.jp:8081/ipt2/resource?r=snet-1129-101</alternateIdentifier>
        <alternateIdentifier>71e23034-f762-11e1-a439-00145eb45e9a</alternateIdentifier>
        <alternateIdentifier>9138</alternateIdentifier>
        <title>Vertebrate specimens of Kumamoto City Museum</title>
        <creator>
            <individualName>
                <givenName>Minoru</givenName>
                <surName>Shimizu</surName>
            </individualName>
            <organizationName>Kumamoto City Museum</organizationName>
            <positionName>Curator</positionName>
            <address>
                <country>JAPAN</country>
            </address>
            <electronicMailAddress>shimizu.minoru@city.kumamoto.lg.jp</electronicMailAddress>
        </creator>
        <metadataProvider>
            <individualName>
                <givenName>Fumikazu</givenName>
                <surName>Tabata</surName>
            </individualName>
            <organizationName>Kumamoto City Museum</organizationName>
            <positionName>Director</positionName>
            <address>
                <country>JAPAN</country>
            </address>
            <electronicMailAddress>hakubutsukan@city.kumamoto.lg.jp</electronicMailAddress>
        </metadataProvider>
        <pubDate>
                2023-03-23
        </pubDate>
        <language>ENGLISH</language>
        <abstract>
            Vertebrate specimens deposited in the Kumamoto City Museum, Japan.
        </abstract>
        <keywordSet>
            <keyword>Occurrence</keyword>
            <keywordThesaurus>GBIF Dataset Type Vocabulary: http://rs.gbif.org/vocabulary/gbif/dataset_type_2015-07-10.xml</keywordThesaurus>
        </keywordSet>
        <intellectualRights>
            <para>This work is licensed under a <ulink url="http://creativecommons.org/licenses/by/4.0/legalcode"><citetitle>Creative Commons Attribution (CC-BY) 4.0 License</citetitle></ulink>.</para>
        </intellectualRights>
        <licensed>
            <licenseName>Creative Commons Attribution 4.0 International</licenseName>
            <url>https://spdx.org/licenses/CC-BY-4.0.html</url>
            <identifier>CC-BY-4.0</identifier>
        </licensed>
        <distribution scope="document">
            <online>
                <url function="download">https://science-net.kahaku.go.jp/ipt2/archive.do?r=snet-1129-101</url>
            </online>
        </distribution>
        <maintenance>
            <description>
                <para></para>
            </description>
            <maintenanceUpdateFrequency>unkown</maintenanceUpdateFrequency>
        </maintenance>
        <contact>
            <individualName>
                <givenName>Fumikazu</givenName>
                <surName>Tabata</surName>
            </individualName>
            <organizationName>Kumamoto City Museum</organizationName>
            <positionName>Director</positionName>
            <address>
                <country>JAPAN</country>
            </address>
            <electronicMailAddress>hakubutsukan@city.kumamoto.lg.jp</electronicMailAddress>
        </contact>

    </dataset>

    <additionalMetadata>
        <metadata>
            <gbif>
                <dateStamp>2025-02-13T18:20:27Z</dateStamp>
                <citation>Shimizu M, Tabata F (2023). Vertebrate specimens of Kumamoto City Museum. National Museum of Nature and Science, Japan. Occurrence dataset https://doi.org/10.15468/aiacou accessed via GBIF.org on 2025-02-13.</citation>
            </gbif>
        </metadata>
    </additionalMetadata>
    </eml:eml>
