<?xml version="1.0" encoding="utf-8"?>
<eml:eml xmlns:eml="https://eml.ecoinformatics.org/eml-2.2.0" xmlns:xsi="http://www.w3.org/2001/XMLSchema-instance"
         xsi:schemaLocation="https://eml.ecoinformatics.org/eml-2.2.0 https://rs.gbif.org/schema/eml-gbif-profile/1.3/eml.xsd"
packageId="7b9e97de-f762-11e1-a439-00145eb45e9a"  system="http://gbif.org" scope="system"
xml:lang="en">
    <dataset>
        <alternateIdentifier>10.15468/elc2yx</alternateIdentifier>
        <alternateIdentifier>http://id.snsb.info/snsb/projects/601</alternateIdentifier>
        <alternateIdentifier>12000</alternateIdentifier>
        <title>The Mammalia Collection at the Staatssammlung für Anthropologie und Paläoanatomie München</title>
        <creator>
            <individualName>
                <surName>Nadja Pöllath</surName>
            </individualName>
            <electronicMailAddress>poellath@snsb.de</electronicMailAddress>
        </creator>
        <associatedParty>
            <individualName>
                <surName>Staatliche Naturwissenschaftliche Sammlungen Bayerns – SNSB IT Center, München</surName>
            </individualName>
            <electronicMailAddress>it-center@snsb.de</electronicMailAddress>
            <role>TECHNICAL_POINT_OF_CONTACT</role>
        </associatedParty>
        <language>en</language>
        <abstract>
            http://www.snsb.info/DatabaseClients/SAPMmammaliacoll/about.jsp
        </abstract>
        <intellectualRights>
            <para>This work is licensed under a <ulink url="http://creativecommons.org/licenses/by/4.0/legalcode"><citetitle>Creative Commons Attribution (CC-BY) 4.0 License</citetitle></ulink>.</para>
        </intellectualRights>
        <licensed>
            <licenseName>Creative Commons Attribution 4.0 International</licenseName>
            <url>https://spdx.org/licenses/CC-BY-4.0.html</url>
            <identifier>CC-BY-4.0</identifier>
        </licensed>
        <distribution scope="document">
            <online>
                <url function="information">http://www.snsb.info/DatabaseClients/SAPMmammaliacoll/about.jsp</url>
            </online>
        </distribution>
        <contact>
            <individualName>
                <surName>Nadja Pöllath</surName>
            </individualName>
            <electronicMailAddress>poellath@snsb.de</electronicMailAddress>
        </contact>

    </dataset>

    <additionalMetadata>
        <metadata>
            <gbif>
                <dateStamp>2025-02-13T18:20:22Z</dateStamp>
                <citation>Staatliche Naturwissenschaftliche Sammlungen Bayerns. The Mammalia Collection at the Staatssammlung für Anthropologie und Paläoanatomie München. Occurrence dataset https://doi.org/10.15468/elc2yx accessed via GBIF.org on 2025-02-13.</citation>
                <resourceLogoUrl>http://pictures.snsb.info/Logos/SAPM/staatss-anthro-palaeo-wbm.png</resourceLogoUrl>
            </gbif>
        </metadata>
    </additionalMetadata>
    </eml:eml>
