<?xml version="1.0" encoding="utf-8"?>
<eml:eml xmlns:eml="https://eml.ecoinformatics.org/eml-2.2.0" xmlns:xsi="http://www.w3.org/2001/XMLSchema-instance"
         xsi:schemaLocation="https://eml.ecoinformatics.org/eml-2.2.0 https://rs.gbif.org/schema/eml-gbif-profile/1.3/eml.xsd"
packageId="829bd402-f762-11e1-a439-00145eb45e9a"  system="http://gbif.org" scope="system"
xml:lang="en">
    <dataset>
        <alternateIdentifier>10.15468/89tigm</alternateIdentifier>
        <alternateIdentifier>14082</alternateIdentifier>
        <title>Collection Anatomie Histologie - SMF</title>
        <associatedParty>
            <individualName>
                <surName>Andreas Allspach</surName>
            </individualName>
            <address>
                <deliveryPoint>Senckenberg, Senckenberganlage 25, D-60325 Frankfurt am Main, Germany</deliveryPoint>
            </address>
            <electronicMailAddress>info_sesam@senckenberg.de</electronicMailAddress>
            <role>TECHNICAL_POINT_OF_CONTACT</role>
        </associatedParty>
        <language>en</language>
        <abstract>
            Anatomy
        </abstract>
        <intellectualRights>
            <para>This work is licensed under a <ulink url="http://creativecommons.org/licenses/by/4.0/legalcode"><citetitle>Creative Commons Attribution (CC-BY) 4.0 License</citetitle></ulink>.</para>
        </intellectualRights>
        <licensed>
            <licenseName>Creative Commons Attribution 4.0 International</licenseName>
            <url>https://spdx.org/licenses/CC-BY-4.0.html</url>
            <identifier>CC-BY-4.0</identifier>
        </licensed>
        <distribution scope="document">
            <online>
                <url function="information">https://www.senckenberg.de/de/institute/senckenberg-gesellschaft-fuer-naturforschung-frankfurt-main/abt-messelforschung-und-mammalogie/sekt-mammalogie/mammalogie-sammlung-2/</url>
            </online>
        </distribution>
        <contact>
            <individualName>
                <surName>Dr. Irina Ruf</surName>
            </individualName>
        </contact>

    </dataset>

    <additionalMetadata>
        <metadata>
            <gbif>
                <dateStamp>2025-02-13T18:19:47Z</dateStamp>
                <citation>Senckenberg. Collection Anatomie Histologie - SMF. Occurrence dataset https://doi.org/10.15468/89tigm accessed via GBIF.org on 2025-02-13.</citation>
                <resourceLogoUrl>http://biocase.senckenberg.de/senckenberg_logo.png</resourceLogoUrl>
            </gbif>
        </metadata>
    </additionalMetadata>
    </eml:eml>
