<?xml version="1.0" encoding="utf-8"?>
<eml:eml xmlns:eml="https://eml.ecoinformatics.org/eml-2.2.0" xmlns:xsi="http://www.w3.org/2001/XMLSchema-instance"
         xsi:schemaLocation="https://eml.ecoinformatics.org/eml-2.2.0 https://rs.gbif.org/schema/eml-gbif-profile/1.3/eml.xsd"
packageId="830eb5d0-f762-11e1-a439-00145eb45e9a"  system="http://gbif.org" scope="system"
xml:lang="en">
    <dataset>
        <alternateIdentifier>10.15468/qziy3w</alternateIdentifier>
        <alternateIdentifier>https://ipt.vertnet.org/resource?r=uwbm_mammals</alternateIdentifier>
        <alternateIdentifier>http://ipt.vertnet.org:8080/ipt/resource?r=uwbm_mammals</alternateIdentifier>
        <alternateIdentifier>http://ipt.vertnet.org:8080/ipt/resource.do?r=uwbm_mammals</alternateIdentifier>
        <alternateIdentifier>830eb5d0-f762-11e1-a439-00145eb45e9a</alternateIdentifier>
        <alternateIdentifier>124</alternateIdentifier>
        <title>UWBM Mammalogy Collection (Arctos)</title>
        <creator>
            <individualName>
                <givenName>Jeff</givenName>
                <surName>Bradley</surName>
            </individualName>
            <organizationName>University of Washington Burke Museum</organizationName>
            <positionName>Collection Manager</positionName>
            <address>
                <deliveryPoint>Box 353010</deliveryPoint>
                <city>Seattle</city>
                <administrativeArea>WA</administrativeArea>
                <postalCode>98195</postalCode>
                <country>UNITED_STATES</country>
            </address>
            <phone>+1 206-685-7417</phone>
            <electronicMailAddress>jebrad@uw.edu</electronicMailAddress>
            <onlineUrl>http://www.burkemuseum.org/</onlineUrl>
        </creator>
        <metadataProvider>
            <individualName>
                <givenName>Jeff</givenName>
                <surName>Bradley</surName>
            </individualName>
            <organizationName>University of Washington Burke Museum</organizationName>
            <positionName>Collection Manager</positionName>
            <address>
                <deliveryPoint>Box 353010</deliveryPoint>
                <city>Seattle</city>
                <administrativeArea>WA</administrativeArea>
                <postalCode>98195</postalCode>
                <country>UNITED_STATES</country>
            </address>
            <phone>+1 206-685-7417</phone>
            <electronicMailAddress>jebrad@uw.edu</electronicMailAddress>
            <onlineUrl>http://www.burkemuseum.org/</onlineUrl>
        </metadataProvider>
        <associatedParty>
            <individualName>
                <givenName>David</givenName>
                <surName>Bloom</surName>
            </individualName>
            <organizationName>VertNet</organizationName>
            <positionName>VertNet Coordinator</positionName>
            <electronicMailAddress>dbloom@vertnet.org</electronicMailAddress>
            <onlineUrl>http://www.vertnet.org</onlineUrl>
            <role>PROGRAMMER</role>
        </associatedParty>
        <associatedParty>
            <individualName>
                <givenName>John</givenName>
                <surName>Wieczorek</surName>
            </individualName>
            <organizationName>Museum of Vertebrate Zoology at UC Berkeley</organizationName>
            <positionName>Information Architect</positionName>
            <electronicMailAddress>tuco@berkeley.edu</electronicMailAddress>
            <role>PROGRAMMER</role>
        </associatedParty>
        <associatedParty>
            <individualName>
                <givenName>Dusty</givenName>
                <surName>McDonald</surName>
            </individualName>
            <organizationName>University of Alaska Museum</organizationName>
            <positionName>Arctos Database Programmer</positionName>
            <electronicMailAddress>dlmcdonald@alaska.edu</electronicMailAddress>
            <onlineUrl>http://arctos.database.museum</onlineUrl>
            <role>POINT_OF_CONTACT</role>
        </associatedParty>
        <pubDate>
                2025-01-05
        </pubDate>
        <language>ENGLISH</language>
        <abstract>
            <para>The Burke Mammal Collection ranks as the 9th-largest university collection in North America and the 18th-largest of all collections in the Western Hemisphere. Included in our holdings are 70 species of carnivores, 140 bat species, 262 rodent species, 38 primate species, and 37 marine mammal species, with one specimen of the extinct Steller&amp;#39;s sea cow.</para>
        </abstract>
        <keywordSet>
            <keyword>Occurrence</keyword>
            <keywordThesaurus>GBIF Dataset Type Vocabulary: http://rs.gbif.org/vocabulary/gbif/dataset_type.xml</keywordThesaurus>
        </keywordSet>
        <keywordSet>
            <keyword>Specimen</keyword>
            <keywordThesaurus>GBIF Dataset Subtype Vocabulary: http://rs.gbif.org/vocabulary/gbif/dataset_subtype.xml</keywordThesaurus>
        </keywordSet>
        <keywordSet>
            <keyword>Occurrence</keyword>
            <keywordThesaurus>GBIF Dataset Type Vocabulary: http://rs.gbif.org/vocabulary/gbif/dataset_type_2015-07-10.xml</keywordThesaurus>
        </keywordSet>
        <additionalInfo>
            <para>http://vertnet.org/resources/norms.html</para>
        </additionalInfo>
        <intellectualRights>
            <para>To the extent possible under law, the publisher has waived all rights to these data and has dedicated them to the <ulink url="http://creativecommons.org/publicdomain/zero/1.0/legalcode"><citetitle>Public Domain (CC0 1.0)</citetitle></ulink>. Users may copy, modify, distribute and use the work, including for commercial purposes, without restriction.</para>
        </intellectualRights>
        <licensed>
            <licenseName>Creative Commons Zero v1.0 Universal</licenseName>
            <url>https://spdx.org/licenses/CC0-1.0.html</url>
            <identifier>CC0-1.0</identifier>
        </licensed>
        <distribution scope="document">
            <online>
                <url function="information">http://www.burkemuseum.org/mammalogy</url>
            </online>
        </distribution>
        <distribution scope="document">
            <online>
                <url function="download">http://ipt.vertnet.org:8080/ipt/archive.do?r=uwbm_mammals</url>
            </online>
        </distribution>
        <coverage>
            <geographicCoverage>
                <geographicDescription>The collection is represented by specimens from North America, South America, Asia, Africa, Australia, and Europe. Over half of the specimens (26,292) are from Washington State. Other well represented areas of the Northwest are Oregon (11%), British Columbia (4%), and Alaska (4%).</geographicDescription>
                <boundingCoordinates>
                    <westBoundingCoordinate>-180</westBoundingCoordinate>
                    <eastBoundingCoordinate>180</eastBoundingCoordinate>
                    <northBoundingCoordinate>90</northBoundingCoordinate>
                    <southBoundingCoordinate>-90</southBoundingCoordinate>
                </boundingCoordinates>
            </geographicCoverage>
            <taxonomicCoverage>
                <taxonomicClassification>
                    <taxonRankName>Class</taxonRankName>
                    <taxonRankValue>Mammalia</taxonRankValue>
                </taxonomicClassification>
            </taxonomicCoverage>
        </coverage>
        <maintenance>
            <description>
                <para></para>
            </description>
            <maintenanceUpdateFrequency>unkown</maintenanceUpdateFrequency>
        </maintenance>
        <contact>
            <individualName>
                <givenName>Jeff</givenName>
                <surName>Bradley</surName>
            </individualName>
            <organizationName>University of Washington Burke Museum</organizationName>
            <positionName>Collection Manager</positionName>
            <address>
                <deliveryPoint>Box 353010</deliveryPoint>
                <city>Seattle</city>
                <administrativeArea>WA</administrativeArea>
                <postalCode>98195</postalCode>
                <country>UNITED_STATES</country>
            </address>
            <phone>+1 206-685-7417</phone>
            <electronicMailAddress>jebrad@uw.edu</electronicMailAddress>
            <onlineUrl>http://www.burkemuseum.org/</onlineUrl>
        </contact>

    </dataset>

    <additionalMetadata>
        <metadata>
            <gbif>
                <dateStamp>2025-02-13T18:19:49Z</dateStamp>
                <citation>Bradley J (2025). UWBM Mammalogy Collection (Arctos). University of Washington Burke Museum. Occurrence dataset https://doi.org/10.15468/qziy3w accessed via GBIF.org on 2025-02-13.</citation>
            </gbif>
        </metadata>
    </additionalMetadata>
    </eml:eml>
