<?xml version="1.0" encoding="utf-8"?>
<eml:eml xmlns:eml="https://eml.ecoinformatics.org/eml-2.2.0" xmlns:xsi="http://www.w3.org/2001/XMLSchema-instance"
         xsi:schemaLocation="https://eml.ecoinformatics.org/eml-2.2.0 https://rs.gbif.org/schema/eml-gbif-profile/1.3/eml.xsd"
packageId="8581f44d-7373-4138-9a3f-7d7508047419"  system="http://gbif.org" scope="system"
xml:lang="en">
    <dataset>
        <alternateIdentifier>10.15468/hsh877</alternateIdentifier>
        <alternateIdentifier>https://ipt.naturalsciences.be/resource?r=be_rbins_vertebrates_mammalia</alternateIdentifier>
        <alternateIdentifier>8581f44d-7373-4138-9a3f-7d7508047419</alternateIdentifier>
        <alternateIdentifier>http://ipt.naturalsciences.be/ipt/resource?r=be_rbins_vertebrates_mammalia</alternateIdentifier>
        <title>RBINS Mammal collection</title>
        <creator>
            <individualName>
                <givenName>Olivier</givenName>
                <surName>Pauwels</surName>
            </individualName>
            <organizationName>Royal Belgian Institute for Natural Sciences  -  Department of Scientific Heritage Service</organizationName>
            <positionName>curator</positionName>
            <address>
                <deliveryPoint>Vautierstraat 29</deliveryPoint>
                <city>Brussels</city>
                <postalCode>1000</postalCode>
                <country>BELGIUM</country>
            </address>
        </creator>
        <metadataProvider>
            <individualName>
                <givenName>Thomas</givenName>
                <surName>Vandenberghe</surName>
            </individualName>
            <organizationName>Royal Belgian Institute for Natural Sciences</organizationName>
            <positionName>Data manager</positionName>
            <address>
                <deliveryPoint>Vautierstraat 29</deliveryPoint>
                <city>Brussels</city>
                <postalCode>1000</postalCode>
                <country>BELGIUM</country>
            </address>
            <electronicMailAddress>tvandenberghe@naturalsciences.be</electronicMailAddress>
            <userId directory="http://orcid.org/">0000-0002-9269-6548</userId>
        </metadataProvider>
        <metadataProvider>
            <individualName>
                <givenName>Stijn</givenName>
                <surName>Cooleman</surName>
            </individualName>
            <organizationName>Belgian Biodiversity Platform</organizationName>
            <positionName>Biodiversity Data Officer</positionName>
            <address>
                <country>BELGIUM</country>
            </address>
            <electronicMailAddress>s.cooleman@biodiversity.be</electronicMailAddress>
            <userId directory="https://orcid.org/">0000-0003-3029-0451</userId>
        </metadataProvider>
        <metadataProvider>
            <individualName>
                <givenName>Franck</givenName>
                <surName>Theeten</surName>
            </individualName>
            <organizationName>Royal Museum for Central Africa</organizationName>
            <positionName>Database manager</positionName>
            <address>
                <country>BELGIUM</country>
            </address>
            <electronicMailAddress>franck.theeten@africamuseum.be</electronicMailAddress>
            <userId directory="https://orcid.org/">0000-0002-0626-538X</userId>
        </metadataProvider>
        <associatedParty>
            <individualName>
                <givenName>Patrick</givenName>
                <surName>Semal</surName>
            </individualName>
            <organizationName>Royal Belgian Institute for Natural Sciences</organizationName>
            <positionName>Head of Section Scientific Heritage</positionName>
            <address>
                <deliveryPoint>Vautierstraat 29</deliveryPoint>
                <city>Brussels</city>
                <postalCode>1000</postalCode>
                <country>BELGIUM</country>
            </address>
            <electronicMailAddress>psemal@naturalsciences.be</electronicMailAddress>
            <userId directory="http://orcid.org/">0000-0002-4048-7728</userId>
            <role>CONTENT_PROVIDER</role>
        </associatedParty>
        <associatedParty>
            <individualName>
                <givenName>Jean-Marc</givenName>
                <surName>Herpers</surName>
            </individualName>
            <organizationName>Royal Belgian Institute for Natural Sciences</organizationName>
            <positionName>Curator of digital data</positionName>
            <address>
                <city>Brussels</city>
                <country>BELGIUM</country>
            </address>
            <electronicMailAddress>jmherpers@naturalsciences.be</electronicMailAddress>
            <role>CUSTODIAN_STEWARD</role>
        </associatedParty>
        <pubDate>
                2024-07-18
        </pubDate>
        <language>ENGLISH</language>
        <abstract>
            The RBINS mammal collection contains 63,000 specimens and includes significant osteological material (bones and skeletons). The best represented groups are bats, rodents, carnivores and primates. The Institute has type material for 27 species. The rodent collection was extended by RBINS biologist Xavier Misonne. Walter Verheyen built up the collection of fauna from Belgium and Papua New Guinea, and Jacques Verschuren put together a large collection of mammal specimens from Africa.
        </abstract>
        <keywordSet>
            <keyword>DaRWIN</keyword>
            <keyword>Mammalia</keyword>
            <keyword>RBINS</keyword>
            <keyword>natural history collection</keyword>
            <keywordThesaurus>N/A</keywordThesaurus>
        </keywordSet>
        <keywordSet>
            <keyword>Occurrence</keyword>
            <keywordThesaurus>GBIF Dataset Type Vocabulary: http://rs.gbif.org/vocabulary/gbif/dataset_type.xml</keywordThesaurus>
        </keywordSet>
        <keywordSet>
            <keyword>Specimen</keyword>
            <keywordThesaurus>GBIF Dataset Subtype Vocabulary: http://rs.gbif.org/vocabulary/gbif/dataset_subtype.xml</keywordThesaurus>
        </keywordSet>
        <keywordSet>
            <keyword>Occurrence</keyword>
            <keywordThesaurus>GBIF Dataset Type Vocabulary: http://rs.gbif.org/vocabulary/gbif/dataset_type_2015-07-10.xml</keywordThesaurus>
        </keywordSet>
        <intellectualRights>
            <para>This work is licensed under a <ulink url="http://creativecommons.org/licenses/by-nc/4.0/legalcode"><citetitle>Creative Commons Attribution Non Commercial (CC-BY-NC) 4.0 License</citetitle></ulink>.</para>
        </intellectualRights>
        <licensed>
            <licenseName>Creative Commons Attribution Non Commercial 4.0 International</licenseName>
            <url>https://spdx.org/licenses/CC-BY-NC-4.0.html</url>
            <identifier>CC-BY-NC-4.0</identifier>
        </licensed>
        <distribution scope="document">
            <online>
                <url function="download">https://ipt.naturalsciences.be/archive.do?r=be_rbins_vertebrates_mammalia</url>
            </online>
        </distribution>
        <coverage>
            <geographicCoverage>
                <geographicDescription>Algeria, Angola, Argentina, Australia, Austria, Belgium, Benin, Bolivia, Botswana, Brazil, Bulgaria, Burundi, Cabo Verde, Cameroon, Canada, Central African Republic, Chad, Chile, China, Colombia, Comoros, Congo, Costa Rica, Cuba, Czechia, Denmark, DR Congo, Ecuador, Egypt, Equatorial Guinea, Eritrea, Ethiopia, Falkland Islands (Malvinas), Finland, France, French Guiana, French Polynesia, Gabon, Georgia, Germany, Ghana, Greece, Guadeloupe, Guatemala, Guinea, Guinea-Bissau, Guyana, Honduras, India, Indonesia, Iran, Ireland, Italy, Ivory Coast, Japan, Kazakhstan, Kenya, Laos, Lebanon, Liberia, Libya, Luxembourg, Madagascar, Malawi, Malaysia, Mexico, Mongolia, Mozambique, Myanmar, Namibia, Netherlands, Niger, Nigeria, Norway, Pakistan, Papua New Guinea, Paraguay, Peru, Philippines, Poland, Portugal, Romania, Russia, Rwanda, Senegal, Serbia, Singapore, South Africa, Spain, Sri Lanka, Sudan, Suriname, Sweden, Switzerland, Syria, Taiwan, Tajikistan, Tanzania, Thailand, Togo, Tunisia, Turkey, Uganda, United Kingdom, United States, Venezuela, Vietnam, Zambia, Zimbabwe</geographicDescription>
                <boundingCoordinates>
                    <westBoundingCoordinate>-162.167</westBoundingCoordinate>
                    <eastBoundingCoordinate>155.733</eastBoundingCoordinate>
                    <northBoundingCoordinate>72.5</northBoundingCoordinate>
                    <southBoundingCoordinate>-78.159</southBoundingCoordinate>
                </boundingCoordinates>
            </geographicCoverage>
            <temporalCoverage>
                <rangeOfDates>
                    <beginDate>
                        <calendarDate>                1822-01-01
</calendarDate>
                    </beginDate>
                    <endDate>
                        <calendarDate>                2017-09-16
</calendarDate>
                    </endDate>
                </rangeOfDates>
            </temporalCoverage>
            <taxonomicCoverage>
                <taxonomicClassification>
                    <taxonRankName>Class</taxonRankName>
                    <taxonRankValue>Mammalia</taxonRankValue>
                </taxonomicClassification>
            </taxonomicCoverage>
        </coverage>
        <maintenance>
            <description>
                <para></para>
            </description>
            <maintenanceUpdateFrequency>continually</maintenanceUpdateFrequency>
        </maintenance>
        <contact>
            <organizationName>Biodiversity and Ecological Data and Information Centre - Royal Belgian Institute for Natural Sciences</organizationName>
            <address>
                <deliveryPoint>Vautierstraat 29</deliveryPoint>
                <city>Brussels</city>
                <postalCode>1000</postalCode>
                <country>BELGIUM</country>
            </address>
            <electronicMailAddress>info@bedic.be</electronicMailAddress>
        </contact>

    </dataset>

    <additionalMetadata>
        <metadata>
            <gbif>
                <dateStamp>2025-02-13T18:19:55Z</dateStamp>
                <citation>Pauwels O, Vandenberghe T, Cooleman S, Theeten F (2024). RBINS Mammal collection. Version 1.12. Royal Belgian Institute of Natural Sciences. Occurrence dataset https://doi.org/10.15468/hsh877 accessed via GBIF.org on 2025-02-13.</citation>
            </gbif>
        </metadata>
    </additionalMetadata>
    </eml:eml>
