<?xml version="1.0" encoding="utf-8"?>
<eml:eml xmlns:eml="https://eml.ecoinformatics.org/eml-2.2.0" xmlns:xsi="http://www.w3.org/2001/XMLSchema-instance"
         xsi:schemaLocation="https://eml.ecoinformatics.org/eml-2.2.0 https://rs.gbif.org/schema/eml-gbif-profile/1.3/eml.xsd"
packageId="85facc5c-f762-11e1-a439-00145eb45e9a"  system="http://gbif.org" scope="system"
xml:lang="en">
    <dataset>
        <alternateIdentifier>10.15468/fwrsxr</alternateIdentifier>
        <alternateIdentifier>1759</alternateIdentifier>
        <alternateIdentifier>https://ipt.gbif.es/resource?r=ebd_mam</alternateIdentifier>
        <alternateIdentifier>85facc5c-f762-11e1-a439-00145eb45e9a</alternateIdentifier>
        <alternateIdentifier>1759</alternateIdentifier>
        <title>Estación Biológica de Doñana - CSIC, Mammal Collection</title>
        <creator>
            <individualName>
                <givenName>Javier</givenName>
                <surName>Juste</surName>
            </individualName>
            <organizationName>Biological Station of Doñana (CSIC)</organizationName>
            <address>
                <deliveryPoint>Isla de la Cartuja. C/ Américo Vespucio 26</deliveryPoint>
                <city>Sevilla</city>
                <administrativeArea>Sevilla</administrativeArea>
                <postalCode>41092</postalCode>
                <country>SPAIN</country>
            </address>
            <electronicMailAddress>juste@ebd.csic.es</electronicMailAddress>
        </creator>
        <metadataProvider>
            <individualName>
                <givenName>Javier</givenName>
                <surName>Juste</surName>
            </individualName>
            <organizationName>Biological Station of Doñana (CSIC)</organizationName>
            <address>
                <deliveryPoint>Isla de la Cartuja. C/ Américo Vespucio 26</deliveryPoint>
                <city>Sevilla</city>
                <administrativeArea>Sevilla</administrativeArea>
                <postalCode>41092</postalCode>
                <country>SPAIN</country>
            </address>
            <electronicMailAddress>juste@ebd.csic.es</electronicMailAddress>
        </metadataProvider>
        <pubDate>
                2024-11-14
        </pubDate>
        <language>ENGLISH</language>
        <abstract>
            <para>The mammal collections of the Estación Biológica de Doñana (EBD) were mainly originated as result of different biodiversity projects of the Institute, including several PhD works, that were carried out during the sixties and seventies world-wide. They were initiated to fulfil the necessity of reference systematic material that was hardly accessible in Spain at that time. Despite being relatively young, the collections are already of outstanding scientific interest not only because of the volume of specimens housed in (around 30.000) but also because of the areas represented in, its high taxonomic diversity and finally, because it holds good series of unique species. The collections house representative material of all main mammal orders, being rodents and bats particularly well illustrated. The geographic areas covered by the collections are: Palaearctic (mainly Spain, Portugal, Morocco, Western Sahara), Aethiopic (Cameroon, Equatorial Guinea, Islands of the Gulf of Guinea , Angola, Gabon and Ehiopia), Neotropics (Argentina, Paraguay, Bolivia, Ecuador, Venezuela, Panama, Nicaragua, Mexico), and Southeast Asia (Laos, Thailand, Malaysia). Finally, of exceptional importance are the holdings of extremely rare species such as the Iberian lynx. This is a unique series in the world that give a unique character to the collections of the EBD. The collection of bats of Estación Biológica de Doñana is an important subset of the EBD Mammal Collection. The bat dataset is especially interesting by its specific diversity, comprises approximately 7,600 specimens representing 285 species belonging to 15 out of the 18 families recognized nowadays within Chiroptera. Particularly, the bat collection of the Gulf of Guinea includes approximately 2,000 specimens belonging to 64 species. The geographical area covered by this collection is the group of Islands of the Gulf of Guinea (Bioko, Sao Tome and Principe and Annobon). This collection is particularly interesting for different reasons. First of all, because of the area covered; in fact the group of islands of the Gulf of Guinea is considered as a world diversity hot-spot with 60% of their vertebrate fauna endemic at specific or subspecific level. Secondly, because of its representation. In fact, the collection is the result of several year surveys all over the different habitats of the Islands by a group of researchers from the EBD. This collection has been thoroughly studied at morphological and molecular levels in a PhD work. As a result, the systematics and taxonomy of the different groups considered are well updated and several new taxa have been described from this material. All types are deposited in this collection. The dataset currently available on GBIF.ES is one part of the mammal collection, and include the following orders and families: Orden Chiroptera: Familia Pteropodidae Familia Rhinolophidae Familia Hipposideridae Familia Phyllostomidae; Familia Molossidae; Familia Noctilionidae, Familia Emballonuridae, Familia Vespertilionidae, Familia Rhinopomatidae, Familia Natalidae, Familia Thyropteridae, Familia Nycteridae, Familia Mormoopidae, Familia Furipteridae; Orden Erinaceomorpha: Familia Erinaceidae; Orden Soricomorpha: Familia Talpidae Familia Soricidae;, Orden Afrosoricida: Familia Tenrecidae; Orden Rodentia: Suborden Sciuromorpha, Familia Gliridae Familia Sciuridae Subfamilia Sciurinae, Subfamilia Xerinae, Subfamilia Callosciurinae; Suborden Myomorpha , Familia Dipodidae Familia Muridae: Subfamilia Murinae Subfamilia Gerbillinae, Subfamilia Deomynae, Familia Cricetidae: Subfamilia Arvicolinae Subfamilia Cricetinae Subfamilia Sigmodontinae, Subfamilia Neotominae, Familia Nesomyidae, Suborden Anomaluromorpha Familia Anomalurinae, Suborden Hystricomorpha, Familia Ctenodactylidae, Familia Caviidae: Subfamilia Hydrochaerinae, Subfamilia Dolichontinae; Familia Hystricidae, Familia Thryonomyidae, Familia Erethizontidae, Familia Chinchillidae, Familia Dasyproctidae, Familia Cuniculidae, Familia Ctenomyidae, Familia Octodontidae, Familia Echimyidae, Familia Myocastoridae; Orden Lagomorpha, Familia Leporidae; Orden Carnivora, Suborden Caniformia, Familia Mustelidae, Subfamilia Mustelinae, Subfamilia Lutrinae, Familia Mephitidae, Familia Procionidae, Familia Ailuridae, Familia Canidae; Orden Macroscelidea: Familia Macroscelididae ; Orden Artiodactyla: Familia Bovidae Subfamilia Cephalophinae Palabras clave: Mammals, Bats, Chyroptera, Equatorial Guinea, Rodentia, Lagomorpha</para><para>Note: this dataset was previously orphaned. It has been rescued by ① extracting it from the GBIF.org index (see GBIF Download in External Data) and ② republishing it on this IPT data hosting centre as version 1.0.</para>
        </abstract>
        <keywordSet>
            <keyword>Occurrence</keyword>
            <keywordThesaurus>GBIF Dataset Type Vocabulary: http://rs.gbif.org/vocabulary/gbif/dataset_type.xml</keywordThesaurus>
        </keywordSet>
        <keywordSet>
            <keyword>Occurrence</keyword>
            <keywordThesaurus>GBIF Dataset Type Vocabulary: http://rs.gbif.org/vocabulary/gbif/dataset_type_2015-07-10.xml</keywordThesaurus>
        </keywordSet>
        <keywordSet>
            <keyword>Specimen</keyword>
            <keywordThesaurus>GBIF Dataset Subtype Vocabulary: http://rs.gbif.org/vocabulary/gbif/dataset_subtype.xml</keywordThesaurus>
        </keywordSet>
        <intellectualRights>
            <para>This work is licensed under a <ulink url="http://creativecommons.org/licenses/by-nc/4.0/legalcode"><citetitle>Creative Commons Attribution Non Commercial (CC-BY-NC) 4.0 License</citetitle></ulink>.</para>
        </intellectualRights>
        <licensed>
            <licenseName>Creative Commons Attribution Non Commercial 4.0 International</licenseName>
            <url>https://spdx.org/licenses/CC-BY-NC-4.0.html</url>
            <identifier>CC-BY-NC-4.0</identifier>
        </licensed>
        <distribution scope="document">
            <online>
                <url function="information">http://www.ebd.csic.es</url>
            </online>
        </distribution>
        <distribution scope="document">
            <online>
                <url function="download">https://ipt.gbif.es/archive.do?r=ebd_mam</url>
            </online>
        </distribution>
        <maintenance>
            <description>
                <para></para>
            </description>
            <maintenanceUpdateFrequency>asNeeded</maintenanceUpdateFrequency>
        </maintenance>
        <contact>
            <individualName>
                <givenName>Javier</givenName>
                <surName>Juste</surName>
            </individualName>
            <organizationName>Biological Station of Doñana (CSIC)</organizationName>
            <address>
                <deliveryPoint>Isla de la Cartuja. C/ Américo Vespucio 26</deliveryPoint>
                <city>Sevilla</city>
                <administrativeArea>Sevilla</administrativeArea>
                <postalCode>41092</postalCode>
                <country>SPAIN</country>
            </address>
            <electronicMailAddress>juste@ebd.csic.es</electronicMailAddress>
        </contact>

    </dataset>

    <additionalMetadata>
        <metadata>
            <gbif>
                <dateStamp>2025-02-13T18:20:26Z</dateStamp>
                <citation>Juste J (2024). Estación Biológica de Doñana - CSIC, Mammal Collection. Estación Biológica de Doñana (CSIC). Occurrence dataset https://doi.org/10.15468/fwrsxr accessed via GBIF.org on 2025-02-13.</citation>
                <physical>
                    <objectName>GBIF Occurrence Download</objectName>
                    <characterEncoding>UTF-8</characterEncoding>
                    <dataFormat>
                        <externallyDefinedFormat>
                            <formatName>Darwin Core Archive</formatName>
                        </externallyDefinedFormat>
                    </dataFormat>
                    <distribution>
                        <online>
                            <url function="download">http://api.gbif.org/v1/occurrence/download/request/0002101-180131172636756.zip</url>
                        </online>
                    </distribution>
                </physical>
            </gbif>
        </metadata>
    </additionalMetadata>
    </eml:eml>
