<?xml version="1.0" encoding="utf-8"?>
<eml:eml xmlns:eml="https://eml.ecoinformatics.org/eml-2.2.0" xmlns:xsi="http://www.w3.org/2001/XMLSchema-instance"
         xsi:schemaLocation="https://eml.ecoinformatics.org/eml-2.2.0 https://rs.gbif.org/schema/eml-gbif-profile/1.3/eml.xsd"
packageId="8855595b-a836-4557-b17b-794aadda747a"  system="http://gbif.org" scope="system"
xml:lang="en">
    <dataset>
        <alternateIdentifier>10.15468/gcld3d</alternateIdentifier>
        <alternateIdentifier>https://ipt.vertnet.org/resource?r=wnmu_mamm</alternateIdentifier>
        <alternateIdentifier>http://ipt.vertnet.org:8080/ipt/resource?r=wnmu_mamm</alternateIdentifier>
        <alternateIdentifier>http://ipt.vertnet.org:8080/ipt/resource.do?r=wnmu_mamm</alternateIdentifier>
        <alternateIdentifier>8855595b-a836-4557-b17b-794aadda747a</alternateIdentifier>
        <alternateIdentifier>14892</alternateIdentifier>
        <title>WNMU Mammal Collection (Arctos)</title>
        <creator>
            <individualName>
                <givenName>Randy</givenName>
                <surName>Jennings</surName>
            </individualName>
            <organizationName>Western New Mexico University</organizationName>
            <positionName>Professor</positionName>
            <address>
                <deliveryPoint>Department of Natural Sciences</deliveryPoint>
                <city>Silver City</city>
                <administrativeArea>NM</administrativeArea>
                <postalCode>88061</postalCode>
                <country>UNITED_STATES</country>
            </address>
            <phone>(575) 538-6519</phone>
            <electronicMailAddress>jenningsr@wnmu.edu</electronicMailAddress>
            <onlineUrl>http://www.wnmu.edu/academic/nspages/faculty/jenningsr.shtml#res</onlineUrl>
        </creator>
        <metadataProvider>
            <individualName>
                <givenName>Randy</givenName>
                <surName>Jennings</surName>
            </individualName>
            <organizationName>Western New Mexico University</organizationName>
            <positionName>Professor</positionName>
            <address>
                <deliveryPoint>Department of Natural Sciences</deliveryPoint>
                <city>Silver City</city>
                <administrativeArea>NM</administrativeArea>
                <postalCode>88061</postalCode>
                <country>UNITED_STATES</country>
            </address>
            <phone>(575) 538-6519</phone>
            <electronicMailAddress>jenningsr@wnmu.edu</electronicMailAddress>
            <onlineUrl>http://www.wnmu.edu/academic/nspages/faculty/jenningsr.shtml#res</onlineUrl>
        </metadataProvider>
        <associatedParty>
            <individualName>
                <givenName>Laura</givenName>
                <surName>Russell</surName>
            </individualName>
            <organizationName>VertNet</organizationName>
            <positionName>VertNet Programmer</positionName>
            <electronicMailAddress>larussell@vertnet.org</electronicMailAddress>
            <role>PROGRAMMER</role>
        </associatedParty>
        <associatedParty>
            <individualName>
                <givenName>David</givenName>
                <surName>Bloom</surName>
            </individualName>
            <positionName>VertNet Coordinator</positionName>
            <electronicMailAddress>dbloom@vertnet.org</electronicMailAddress>
            <role>PROGRAMMER</role>
        </associatedParty>
        <associatedParty>
            <individualName>
                <givenName>John</givenName>
                <surName>Wieczorek</surName>
            </individualName>
            <organizationName>Museum of Vertebrate Zoology, UC Berkeley</organizationName>
            <positionName>Information Architect</positionName>
            <address>
                <deliveryPoint>31</deliveryPoint>
            </address>
            <electronicMailAddress>tuco@berkeley.edu</electronicMailAddress>
            <role>PROGRAMMER</role>
        </associatedParty>
        <associatedParty>
            <individualName>
                <givenName>Dusty</givenName>
                <surName>McDonald</surName>
            </individualName>
            <organizationName>University of Alaska Museum</organizationName>
            <positionName>Arctos Database Programmer</positionName>
            <electronicMailAddress>dlmcdonald@alaska.edu</electronicMailAddress>
            <onlineUrl>http://arctos.database.museum</onlineUrl>
            <role>POINT_OF_CONTACT</role>
        </associatedParty>
        <pubDate>
                2024-07-29
        </pubDate>
        <language>ENGLISH</language>
        <abstract>
            Western New Mexico University houses a regional collection of mammal specimens (about 7000 specimens) focused on the biodiversity of southwestern New Mexico, with additional representatives of African and South American mammal faunas. This collection is part of the Gila Center for Natural History within the Department of Natural Sciences. The collection has grown slowly with incorporation of new specimens.
        </abstract>
        <keywordSet>
            <keyword>Occurrence</keyword>
            <keywordThesaurus>GBIF Dataset Type Vocabulary: http://rs.gbif.org/vocabulary/gbif/dataset_type.xml</keywordThesaurus>
        </keywordSet>
        <keywordSet>
            <keyword>Specimen</keyword>
            <keywordThesaurus>GBIF Dataset Subtype Vocabulary: http://rs.gbif.org/vocabulary/gbif/dataset_subtype.xml</keywordThesaurus>
        </keywordSet>
        <keywordSet>
            <keyword>Occurrence</keyword>
            <keywordThesaurus>GBIF Dataset Type Vocabulary: http://rs.gbif.org/vocabulary/gbif/dataset_type_2015-07-10.xml</keywordThesaurus>
        </keywordSet>
        <additionalInfo>
            <para>http://vertnet.org/resources/norms.html</para>
        </additionalInfo>
        <intellectualRights>
            <para>To the extent possible under law, the publisher has waived all rights to these data and has dedicated them to the <ulink url="http://creativecommons.org/publicdomain/zero/1.0/legalcode"><citetitle>Public Domain (CC0 1.0)</citetitle></ulink>. Users may copy, modify, distribute and use the work, including for commercial purposes, without restriction.</para>
        </intellectualRights>
        <licensed>
            <licenseName>Creative Commons Zero v1.0 Universal</licenseName>
            <url>https://spdx.org/licenses/CC0-1.0.html</url>
            <identifier>CC0-1.0</identifier>
        </licensed>
        <distribution scope="document">
            <online>
                <url function="information">http://www.wnmu.edu/academic/nspages/gilacenter.shtml</url>
            </online>
        </distribution>
        <distribution scope="document">
            <online>
                <url function="download">http://ipt.vertnet.org:8080/ipt/archive.do?r=wnmu_mamm</url>
            </online>
        </distribution>
        <coverage>
            <geographicCoverage>
                <geographicDescription>The Western New Mexico University mammal collection has global holdings, but coverage is focused on New Mexico.</geographicDescription>
                <boundingCoordinates>
                    <westBoundingCoordinate>-180</westBoundingCoordinate>
                    <eastBoundingCoordinate>180</eastBoundingCoordinate>
                    <northBoundingCoordinate>90</northBoundingCoordinate>
                    <southBoundingCoordinate>-90</southBoundingCoordinate>
                </boundingCoordinates>
            </geographicCoverage>
            <taxonomicCoverage>
                <taxonomicClassification>
                    <taxonRankName>Class</taxonRankName>
                    <taxonRankValue>Mammalia</taxonRankValue>
                </taxonomicClassification>
            </taxonomicCoverage>
        </coverage>
        <maintenance>
            <description>
                <para></para>
            </description>
            <maintenanceUpdateFrequency>unkown</maintenanceUpdateFrequency>
        </maintenance>
        <contact>
            <individualName>
                <givenName>Randy</givenName>
                <surName>Jennings</surName>
            </individualName>
            <organizationName>Western New Mexico University</organizationName>
            <positionName>Professor</positionName>
            <address>
                <deliveryPoint>Department of Natural Sciences</deliveryPoint>
                <city>Silver City</city>
                <administrativeArea>NM</administrativeArea>
                <postalCode>88061</postalCode>
                <country>UNITED_STATES</country>
            </address>
            <phone>(575) 538-6519</phone>
            <electronicMailAddress>jenningsr@wnmu.edu</electronicMailAddress>
            <onlineUrl>http://www.wnmu.edu/academic/nspages/faculty/jenningsr.shtml#res</onlineUrl>
        </contact>

    </dataset>

    <additionalMetadata>
        <metadata>
            <gbif>
                <dateStamp>2025-02-13T18:20:14Z</dateStamp>
                <citation>Jennings R (2024). WNMU Mammal Collection (Arctos). Version 32.91. Western New Mexico University. Occurrence dataset https://doi.org/10.15468/gcld3d accessed via GBIF.org on 2025-02-13.</citation>
                <livingTimePeriod>1892-present</livingTimePeriod>
            </gbif>
        </metadata>
    </additionalMetadata>
    </eml:eml>
