<?xml version="1.0" encoding="utf-8"?>
<eml:eml xmlns:eml="https://eml.ecoinformatics.org/eml-2.2.0" xmlns:xsi="http://www.w3.org/2001/XMLSchema-instance"
         xsi:schemaLocation="https://eml.ecoinformatics.org/eml-2.2.0 https://rs.gbif.org/schema/eml-gbif-profile/1.3/eml.xsd"
packageId="8ce32a8f-d914-49c7-8561-ca5cb44e6137"  system="http://gbif.org" scope="system"
xml:lang="en">
    <dataset>
        <alternateIdentifier>10.15468/ug6n27</alternateIdentifier>
        <alternateIdentifier>8ce32a8f-d914-49c7-8561-ca5cb44e6137</alternateIdentifier>
        <shortName>Données naturalistes - VNEI Projet d&apos;extension K2 - Suez - Drambon (21)</shortName>
        <title>Ecopôle des Grands Moulins - Extension de l&apos;ISDND - Données naturalistes - VNEI Projet d&apos;extension K2 - Suez - Drambon (21)</title>
        <creator>
            <individualName>
                <surName>Inventaire National du Patrimoine Naturel</surName>
            </individualName>
            <organizationName>PatriNat</organizationName>
            <positionName>n/a</positionName>
        </creator>
        <metadataProvider>
            <individualName>
                <surName>Inventaire National du Patrimoine Naturel</surName>
            </individualName>
            <organizationName>PatriNat</organizationName>
            <positionName>n/a</positionName>
        </metadataProvider>
        <associatedParty>
            <individualName>
                <surName>GBIF France</surName>
            </individualName>
            <organizationName>GBIF France</organizationName>
            <positionName>IT support</positionName>
            <address>
                <deliveryPoint>GBIF France - MNHN Géologie CP48, 43 rue Buffon</deliveryPoint>
                <city>Paris</city>
                <administrativeArea>Île-de-France</administrativeArea>
                <postalCode>75005</postalCode>
                <country>FRANCE</country>
            </address>
            <phone>+33140798065</phone>
            <electronicMailAddress>connexion@gbif.fr</electronicMailAddress>
            <role>DISTRIBUTOR</role>
        </associatedParty>
        <pubDate>
                2019-03-07
        </pubDate>
        <language>FRENCH</language>
        <abstract>
            L’Ecopôle est actuellement autorisé à stocker des déchets non dangereux et des

déchets d’amiante lié jusqu’au 31 décembre 2022. Compte tenu des tonnages

annuels autorisés et du résiduel de vide de fouille, l’ensemble du volume autorisé ne

sera pas consommé au terme de l’actuel arrêté.

Demain, dans une démarche d’amélioration continue, SUEZ RR IWS Minerals France

entend pérenniser et développer l’activité de stockage de déchets non dangereux de

l’Ecopôle des Grands Moulins. Le projet, objet du présent dossier, prévoit :

 de poursuivre l’activité de stockage de déchets non dangereux au-delà

de 2022 en aménageant un volume complémentaire obtenu par une

extension géographique contigüe à l’actuelle zone de stockage de

déchets non dangereux. Le tonnage annuel autorisé sera réduit à 100 000

tonnes en moyenne avec un maximum de 120 tonnes ;

 la révision du phasage d’exploitation et des conditions de

réaménagement de l’Installation de Stockage de Déchets Non Dangereux

(ISDND) ;

 l’exploitation en mode « bioréacteur » des casiers de stockage de

Déchets Non Dangereux afin d’optimiser les conditions de leur stabilisation et

de leur valorisation énergétique ;

 de maintenir une activité de stockage de déchets de matériaux de

construction contenant de l’amiante (MCCA) dans le périmètre de

l’ISDND au sein d’un casier mono-déchets ;

 de permettre, si besoin, une activité potentielle de stockage de

déchets mono-déchets à base de plâtre dans le périmètre de l’ISDND ;

 l’adaptation de la zone de chalandise de l’ISDND au document de

planification en vigueur pour la gestion des déchets non-dangereux applicable

au territoire de la Côte-d’Or. En ce qui concerne les déchets de matériaux de

construction contenant de l’amiante, la zone de chalandise restera celle

autorisée actuellement pour les déchets dangereux, à savoir la région

Bourgogne-Franche-Comté et les régions limitrophes ;

 d’actualiser l’arrêté d’exploitation sur l’ensemble des modifications

apportées par le nouvel arrêté ministériel relatifs aux ISDND du 15 février

2016.

Ce projet permettra de continuer de proposer au département de la Côte-d’Or une

solution adaptée, sécurisée et de proximité pour le traitement des déchets non

dangereux résiduels issus des ménages et des activités économiques.

Notons que ce projet ne modifiera pas les activités actuellement autorisées sur

l’Ecopôle. 

En application de la législation des Installations Classées pour la Protection de

l&amp;#39;Environnement, le projet est soumis à autorisation au titre des rubriques 2760-2

et 3540 pour l’Installation de stockage de déchets non dangereux pour :

· une capacité annuelle moyenne de 100 000 t/an et une capacité annuelle

maximale de 120 000 t/an pour les déchets non dangereux ;

· une capacité annuelle moyenne de 10 000 t/an et une capacité annuelle

maximale de 20 000 t/an pour les déchets de matériaux de construction

contenant de l’amiante.

Les autres rubriques de l’Ecopôle des Grands Moulins ne sont pas modifiées.

Par ailleurs, le site est classé SEVESO Seuil haut pour son activité de traitement des

déchets dangereux. Le présent projet ne modifie pas ce classement.
        </abstract>
        <keywordSet>
            <keyword>Dépôt légal de données brutes de biodiversité</keyword>
            <keyword>DEPOBIO</keyword>
        </keywordSet>
        <keywordSet>
            <keyword>Inventaire pour étude impact</keyword>
            <keywordThesaurus>Objectifs du jeu de données</keywordThesaurus>
        </keywordSet>
        <intellectualRights>
            <para>This work is licensed under a <ulink url="http://creativecommons.org/licenses/by/4.0/legalcode"><citetitle>Creative Commons Attribution (CC-BY) 4.0 License</citetitle></ulink>.</para>
        </intellectualRights>
        <licensed>
            <licenseName>Creative Commons Attribution 4.0 International</licenseName>
            <url>https://spdx.org/licenses/CC-BY-4.0.html</url>
            <identifier>CC-BY-4.0</identifier>
        </licensed>
        <distribution scope="document">
            <online>
                <url function="download">https://apt-inpn.gbif.fr/dataset/837DD1EF-69B4-5C72-E053-2614A8C0695D</url>
            </online>
        </distribution>
        <coverage>
            <geographicCoverage>
                <geographicDescription>La boundingBox est calculée à partir des données</geographicDescription>
                <boundingCoordinates>
                    <westBoundingCoordinate>5.25231</westBoundingCoordinate>
                    <eastBoundingCoordinate>5.38293</eastBoundingCoordinate>
                    <northBoundingCoordinate>47.37848</northBoundingCoordinate>
                    <southBoundingCoordinate>47.28594</southBoundingCoordinate>
                </boundingCoordinates>
            </geographicCoverage>
            <temporalCoverage>
                <rangeOfDates>
                    <beginDate>
                        <calendarDate>                2017-02-16
</calendarDate>
                    </beginDate>
                    <endDate>
                        <calendarDate>                2017-10-26
</calendarDate>
                    </endDate>
                </rangeOfDates>
            </temporalCoverage>
            <taxonomicCoverage>
                <taxonomicClassification>
                    <taxonRankName>Order</taxonRankName>
                    <taxonRankValue>Accipitriformes</taxonRankValue>
                </taxonomicClassification>
                <taxonomicClassification>
                    <taxonRankName>Order</taxonRankName>
                    <taxonRankValue>Anseriformes</taxonRankValue>
                </taxonomicClassification>
                <taxonomicClassification>
                    <taxonRankName>Order</taxonRankName>
                    <taxonRankValue>Anura</taxonRankValue>
                </taxonomicClassification>
                <taxonomicClassification>
                    <taxonRankName>Order</taxonRankName>
                    <taxonRankValue>Apiales</taxonRankValue>
                </taxonomicClassification>
                <taxonomicClassification>
                    <taxonRankName>Order</taxonRankName>
                    <taxonRankValue>Asparagales</taxonRankValue>
                </taxonomicClassification>
                <taxonomicClassification>
                    <taxonRankName>Order</taxonRankName>
                    <taxonRankValue>Asterales</taxonRankValue>
                </taxonomicClassification>
                <taxonomicClassification>
                    <taxonRankName>Order</taxonRankName>
                    <taxonRankValue>Brassicales</taxonRankValue>
                </taxonomicClassification>
                <taxonomicClassification>
                    <taxonRankName>Order</taxonRankName>
                    <taxonRankValue>Caprimulgiformes</taxonRankValue>
                </taxonomicClassification>
                <taxonomicClassification>
                    <taxonRankName>Order</taxonRankName>
                    <taxonRankValue>Carnivora</taxonRankValue>
                </taxonomicClassification>
                <taxonomicClassification>
                    <taxonRankName>Order</taxonRankName>
                    <taxonRankValue>Caryophyllales</taxonRankValue>
                </taxonomicClassification>
                <taxonomicClassification>
                    <taxonRankName>Order</taxonRankName>
                    <taxonRankValue>Cetartiodactyla</taxonRankValue>
                </taxonomicClassification>
                <taxonomicClassification>
                    <taxonRankName>Order</taxonRankName>
                    <taxonRankValue>Charadriiformes</taxonRankValue>
                </taxonomicClassification>
                <taxonomicClassification>
                    <taxonRankName>Order</taxonRankName>
                    <taxonRankValue>Charales</taxonRankValue>
                </taxonomicClassification>
                <taxonomicClassification>
                    <taxonRankName>Order</taxonRankName>
                    <taxonRankValue>Chiroptera</taxonRankValue>
                </taxonomicClassification>
                <taxonomicClassification>
                    <taxonRankName>Order</taxonRankName>
                    <taxonRankValue>Coleoptera</taxonRankValue>
                </taxonomicClassification>
                <taxonomicClassification>
                    <taxonRankName>Order</taxonRankName>
                    <taxonRankValue>Columbiformes</taxonRankValue>
                </taxonomicClassification>
                <taxonomicClassification>
                    <taxonRankName>Order</taxonRankName>
                    <taxonRankValue>Coraciiformes</taxonRankValue>
                </taxonomicClassification>
                <taxonomicClassification>
                    <taxonRankName>Order</taxonRankName>
                    <taxonRankValue>Cuculiformes</taxonRankValue>
                </taxonomicClassification>
                <taxonomicClassification>
                    <taxonRankName>Order</taxonRankName>
                    <taxonRankValue>Desmidiales</taxonRankValue>
                </taxonomicClassification>
                <taxonomicClassification>
                    <taxonRankName>Order</taxonRankName>
                    <taxonRankValue>Ericales</taxonRankValue>
                </taxonomicClassification>
                <taxonomicClassification>
                    <taxonRankName>Order</taxonRankName>
                    <taxonRankValue>Eulipotyphla</taxonRankValue>
                </taxonomicClassification>
                <taxonomicClassification>
                    <taxonRankName>Order</taxonRankName>
                    <taxonRankValue>Fabales</taxonRankValue>
                </taxonomicClassification>
                <taxonomicClassification>
                    <taxonRankName>Order</taxonRankName>
                    <taxonRankValue>Falconiformes</taxonRankValue>
                </taxonomicClassification>
                <taxonomicClassification>
                    <taxonRankName>Order</taxonRankName>
                    <taxonRankValue>Gentianales</taxonRankValue>
                </taxonomicClassification>
                <taxonomicClassification>
                    <taxonRankName>Order</taxonRankName>
                    <taxonRankValue>Geraniales</taxonRankValue>
                </taxonomicClassification>
                <taxonomicClassification>
                    <taxonRankName>Order</taxonRankName>
                    <taxonRankValue>Gruiformes</taxonRankValue>
                </taxonomicClassification>
                <taxonomicClassification>
                    <taxonRankName>Order</taxonRankName>
                    <taxonRankValue>Gunnerales</taxonRankValue>
                </taxonomicClassification>
                <taxonomicClassification>
                    <taxonRankName>Order</taxonRankName>
                    <taxonRankValue>Lagomorpha</taxonRankValue>
                </taxonomicClassification>
                <taxonomicClassification>
                    <taxonRankName>Order</taxonRankName>
                    <taxonRankValue>Lamiales</taxonRankValue>
                </taxonomicClassification>
                <taxonomicClassification>
                    <taxonRankName>Order</taxonRankName>
                    <taxonRankValue>Lepidoptera</taxonRankValue>
                </taxonomicClassification>
                <taxonomicClassification>
                    <taxonRankName>Order</taxonRankName>
                    <taxonRankValue>Odonata</taxonRankValue>
                </taxonomicClassification>
                <taxonomicClassification>
                    <taxonRankName>Order</taxonRankName>
                    <taxonRankValue>Passeriformes</taxonRankValue>
                </taxonomicClassification>
                <taxonomicClassification>
                    <taxonRankName>Order</taxonRankName>
                    <taxonRankValue>Pelecaniformes</taxonRankValue>
                </taxonomicClassification>
                <taxonomicClassification>
                    <taxonRankName>Order</taxonRankName>
                    <taxonRankValue>Phoenicopteriformes</taxonRankValue>
                </taxonomicClassification>
                <taxonomicClassification>
                    <taxonRankName>Order</taxonRankName>
                    <taxonRankValue>Piciformes</taxonRankValue>
                </taxonomicClassification>
                <taxonomicClassification>
                    <taxonRankName>Order</taxonRankName>
                    <taxonRankValue>Poales</taxonRankValue>
                </taxonomicClassification>
                <taxonomicClassification>
                    <taxonRankName>Order</taxonRankName>
                    <taxonRankValue>Polypodiales</taxonRankValue>
                </taxonomicClassification>
                <taxonomicClassification>
                    <taxonRankName>Order</taxonRankName>
                    <taxonRankValue>Rodentia</taxonRankValue>
                </taxonomicClassification>
                <taxonomicClassification>
                    <taxonRankName>Order</taxonRankName>
                    <taxonRankValue>Rosales</taxonRankValue>
                </taxonomicClassification>
                <taxonomicClassification>
                    <taxonRankName>Order</taxonRankName>
                    <taxonRankValue>Sapindales</taxonRankValue>
                </taxonomicClassification>
                <taxonomicClassification>
                    <taxonRankName>Order</taxonRankName>
                    <taxonRankValue>Saxifragales</taxonRankValue>
                </taxonomicClassification>
                <taxonomicClassification>
                    <taxonRankName>Order</taxonRankName>
                    <taxonRankValue>Squamata</taxonRankValue>
                </taxonomicClassification>
                <taxonomicClassification>
                    <taxonRankName>Order</taxonRankName>
                    <taxonRankValue>Strigiformes</taxonRankValue>
                </taxonomicClassification>
            </taxonomicCoverage>
        </coverage>
        <contact>
            <individualName>
                <surName>n/a</surName>
            </individualName>
            <organizationName>n/a</organizationName>
            <positionName>n/a</positionName>
        </contact>

            <project >
                <title>Ecopôle des Grands Moulins - Extension de l&apos;ISDND</title>
                <personnel>
                    <individualName>
                    <surName>None</surName>
                    </individualName>
                    <organizationName>ARCADIS ESG</organizationName>
                    <positionName>n/a</positionName>
                    <role>ADMINISTRATIVE_POINT_OF_CONTACT</role>
                </personnel>
                <personnel>
                    <individualName>
                    <surName>None</surName>
                    </individualName>
                    <organizationName>SUEZ RR IWS MINERALS FRANCE</organizationName>
                    <positionName>n/a</positionName>
                    <role>ADMINISTRATIVE_POINT_OF_CONTACT</role>
                </personnel>
                <personnel>
                    <individualName>
                    <surName>None</surName>
                    </individualName>
                    <organizationName>ECOTOPE</organizationName>
                    <positionName>n/a</positionName>
                    <role>ADMINISTRATIVE_POINT_OF_CONTACT</role>
                </personnel>
                <personnel>
                    <individualName>
                    <surName>None</surName>
                    </individualName>
                    <organizationName>SUEZ RR IWS MINERALS FRANCE</organizationName>
                    <positionName>n/a</positionName>
                    <role>ADMINISTRATIVE_POINT_OF_CONTACT</role>
                </personnel>
                <personnel>
                    <individualName>
                    <surName>Paul-David SERENI</surName>
                    </individualName>
                    <organizationName>SUEZ</organizationName>
                    <positionName>n/a</positionName>
                    <role>ADMINISTRATIVE_POINT_OF_CONTACT</role>
                </personnel>
                <abstract>
                    <para>L’Ecopôle est actuellement autorisé à stocker des déchets non dangereux et des

déchets d’amiante lié jusqu’au 31 décembre 2022. Compte tenu des tonnages

annuels autorisés et du résiduel de vide de fouille, l’ensemble du volume autorisé ne

sera pas consommé au terme de l’actuel arrêté.

Demain, dans une démarche d’amélioration continue, SUEZ RR IWS Minerals France

entend pérenniser et développer l’activité de stockage de déchets non dangereux de

l’Ecopôle des Grands Moulins. Le projet, objet du présent dossier, prévoit :

 de poursuivre l’activité de stockage de déchets non dangereux au-delà

de 2022 en aménageant un volume complémentaire obtenu par une

extension géographique contigüe à l’actuelle zone de stockage de

déchets non dangereux. Le tonnage annuel autorisé sera réduit à 100 000

tonnes en moyenne avec un maximum de 120 tonnes ;

 la révision du phasage d’exploitation et des conditions de

réaménagement de l’Installation de Stockage de Déchets Non Dangereux

(ISDND) ;

 l’exploitation en mode « bioréacteur » des casiers de stockage de

Déchets Non Dangereux afin d’optimiser les conditions de leur stabilisation et

de leur valorisation énergétique ;

 de maintenir une activité de stockage de déchets de matériaux de

construction contenant de l’amiante (MCCA) dans le périmètre de

l’ISDND au sein d’un casier mono-déchets ;

 de permettre, si besoin, une activité potentielle de stockage de

déchets mono-déchets à base de plâtre dans le périmètre de l’ISDND ;

 l’adaptation de la zone de chalandise de l’ISDND au document de

planification en vigueur pour la gestion des déchets non-dangereux applicable

au territoire de la Côte-d’Or. En ce qui concerne les déchets de matériaux de

construction contenant de l’amiante, la zone de chalandise restera celle

autorisée actuellement pour les déchets dangereux, à savoir la région

Bourgogne-Franche-Comté et les régions limitrophes ;

 d’actualiser l’arrêté d’exploitation sur l’ensemble des modifications

apportées par le nouvel arrêté ministériel relatifs aux ISDND du 15 février

2016.

Ce projet permettra de continuer de proposer au département de la Côte-d’Or une

solution adaptée, sécurisée et de proximité pour le traitement des déchets non

dangereux résiduels issus des ménages et des activités économiques.

Notons que ce projet ne modifiera pas les activités actuellement autorisées sur

l’Ecopôle. 

En application de la législation des Installations Classées pour la Protection de

l&apos;Environnement, le projet est soumis à autorisation au titre des rubriques 2760-2

et 3540 pour l’Installation de stockage de déchets non dangereux pour :

· une capacité annuelle moyenne de 100 000 t/an et une capacité annuelle

maximale de 120 000 t/an pour les déchets non dangereux ;

· une capacité annuelle moyenne de 10 000 t/an et une capacité annuelle

maximale de 20 000 t/an pour les déchets de matériaux de construction

contenant de l’amiante.

Les autres rubriques de l’Ecopôle des Grands Moulins ne sont pas modifiées.

Par ailleurs, le site est classé SEVESO Seuil haut pour son activité de traitement des

déchets dangereux. Le présent projet ne modifie pas ce classement.</para>
                </abstract>
                <funding>
                    <para></para>
                </funding>
            </project>
    </dataset>

    <additionalMetadata>
        <metadata>
            <gbif>
                <dateStamp>2025-02-13T18:19:56Z</dateStamp>
                <citation>Inventaire National du Patrimoine Naturel (2019). Ecopôle des Grands Moulins - Extension de l&apos;ISDND - Données naturalistes - VNEI Projet d&apos;extension K2 - Suez - Drambon (21). UMS PatriNat (OFB-CNRS-MNHN), Paris. Occurrence dataset https://doi.org/10.15468/ug6n27 accessed via GBIF.org on 2025-02-13.</citation>
            </gbif>
        </metadata>
    </additionalMetadata>
    </eml:eml>
