<?xml version="1.0" encoding="utf-8"?>
<eml:eml xmlns:eml="https://eml.ecoinformatics.org/eml-2.2.0" xmlns:xsi="http://www.w3.org/2001/XMLSchema-instance"
         xsi:schemaLocation="https://eml.ecoinformatics.org/eml-2.2.0 https://rs.gbif.org/schema/eml-gbif-profile/1.3/eml.xsd"
packageId="8eafd1af-58c2-49cf-b093-6796b9b38c8e"  system="http://gbif.org" scope="system"
xml:lang="en">
    <dataset>
        <alternateIdentifier>10.15468/se5ad5</alternateIdentifier>
        <alternateIdentifier>8eafd1af-58c2-49cf-b093-6796b9b38c8e</alternateIdentifier>
        <alternateIdentifier>https://registry.nbnatlas.org/public/show/dr2930</alternateIdentifier>
        <alternateIdentifier>1c2fb568-b6ea-333d-bf20-d3fdd5a914ef</alternateIdentifier>
        <title>MammalWeb records</title>
        <creator>
            <organizationName>MammalWeb</organizationName>
        </creator>
        <metadataProvider>
            <organizationName>MammalWeb</organizationName>
        </metadataProvider>
        <associatedParty>
            <organizationName>NBN Atlas</organizationName>
            <address>
                <deliveryPoint>27 Old Gloucester St, Holborn</deliveryPoint>
                <city>London</city>
                <administrativeArea>London</administrativeArea>
                <postalCode>WC1N 3AX</postalCode>
                <country>UNITED_KINGDOM</country>
            </address>
            <electronicMailAddress>admin@nbnatlas.org</electronicMailAddress>
            <role>DISTRIBUTOR</role>
        </associatedParty>
        <pubDate>
                2024-12-09
        </pubDate>
        <language>ENGLISH</language>
        <abstract>
            <para>MammalWeb is a &amp;#34;citizen science&amp;#34; platform intended to collate, validate and curate camera trap data that can inform us about the distribution and ecology of mammals. We invite any camera trap user to upload data from camera traps they have deployed, telling us where the camera trap was located. They and other users can classify the image sequences (which might include a series of 1 or more photos, or a video). Image contributors are identified by their MammalWeb ID under the recordedBy field; classifiers are identified by their MammalWeb ID under the identifiedBy field. Image sequences that have been classified by only one user are designated &lt;Unconfirmed, not reviewed&gt;. Those that have been classified by more than one user are only provided if the majority agree, and are designated &lt;Accepted, considered correct&gt;. One record per species seen, per site, per day is submitted to the repository.</para>
        </abstract>
        <intellectualRights>
            <para>This work is licensed under a <ulink url="http://creativecommons.org/licenses/by-nc/4.0/legalcode"><citetitle>Creative Commons Attribution Non Commercial (CC-BY-NC) 4.0 License</citetitle></ulink>.</para>
        </intellectualRights>
        <licensed>
            <licenseName>Creative Commons Attribution Non Commercial 4.0 International</licenseName>
            <url>https://spdx.org/licenses/CC-BY-NC-4.0.html</url>
            <identifier>CC-BY-NC-4.0</identifier>
        </licensed>
        <distribution scope="document">
            <online>
                <url function="information">https://registry.nbnatlas.org/public/show/dr2930</url>
            </online>
        </distribution>
        <distribution scope="document">
            <online>
                <url function="download">https://registry.nbnatlas.org/archives/dr2930/dr2930.zip</url>
            </online>
        </distribution>
        <purpose><para>To augment understanding of Mammal distribution in the UK.</para></purpose>
        <contact>
            <positionName>editor</positionName>
            <electronicMailAddress>info@mammalweb.org</electronicMailAddress>
        </contact>
        <methods>
            <methodStep>
                <description>
                    <para>Camera traps. The best-supported record for each species in each site and on each date seen is contributed.</para>
                </description>
            </methodStep>
        </methods>

    </dataset>

    <additionalMetadata>
        <metadata>
            <gbif>
                <dateStamp>2025-02-13T18:19:48Z</dateStamp>
                <citation>MammalWeb (2024). MammalWeb records. Occurrence dataset https://doi.org/10.15468/se5ad5 accessed via GBIF.org on 2025-02-13.</citation>
                <resourceLogoUrl>https://registry.nbnatlas.org/data/dataProvider/MammalWeb-logo+copy.jpg</resourceLogoUrl>
            </gbif>
        </metadata>
    </additionalMetadata>
    </eml:eml>
