<?xml version="1.0" encoding="utf-8"?>
<eml:eml xmlns:eml="https://eml.ecoinformatics.org/eml-2.2.0" xmlns:xsi="http://www.w3.org/2001/XMLSchema-instance"
         xsi:schemaLocation="https://eml.ecoinformatics.org/eml-2.2.0 https://rs.gbif.org/schema/eml-gbif-profile/1.3/eml.xsd"
packageId="93082fdb-1a18-40de-a25c-5d1b594a370d"  system="http://gbif.org" scope="system"
xml:lang="es">
    <dataset>
        <alternateIdentifier>10.15468/pumbdv</alternateIdentifier>
        <alternateIdentifier>https://ipt.gbif.es/resource?r=mgb</alternateIdentifier>
        <alternateIdentifier>http://ipt.gbif.es/resource?r=mgb</alternateIdentifier>
        <alternateIdentifier>http://www.gbif.es/ipt/resource?r=mgb</alternateIdentifier>
        <alternateIdentifier>http://www.gbif.es:8080/ipt/resource.do?r=mgb</alternateIdentifier>
        <alternateIdentifier>93082fdb-1a18-40de-a25c-5d1b594a370d</alternateIdentifier>
        <alternateIdentifier>14714</alternateIdentifier>
        <title>Museu de Ciències Naturals de Barcelona: MCNB-Pal</title>
        <creator>
            <individualName>
                <givenName>Vicent</givenName>
                <surName>Vicedo</surName>
            </individualName>
            <organizationName>Museu de Ciències Naturals de Barcelona</organizationName>
            <positionName>Curator of Palaeontology</positionName>
            <address>
                <deliveryPoint>Pg. Picasso s/n</deliveryPoint>
                <city>Barcelona</city>
                <administrativeArea>Barcelona</administrativeArea>
                <postalCode>08003</postalCode>
                <country>SPAIN</country>
            </address>
            <phone>+34 932562180</phone>
            <electronicMailAddress>vvicedov@bcn.cat</electronicMailAddress>
            <onlineUrl>https://museuciencies.cat/</onlineUrl>
        </creator>
        <metadataProvider>
            <individualName>
                <givenName>Vicent</givenName>
                <surName>Vicedo</surName>
            </individualName>
            <organizationName>Museu de Ciències Naturals de Barcelona</organizationName>
            <positionName>Curator of Palaeontology</positionName>
            <address>
                <deliveryPoint>Pg. Picasso s/n</deliveryPoint>
                <city>Barcelona</city>
                <administrativeArea>Barcelona</administrativeArea>
                <postalCode>08003</postalCode>
                <country>SPAIN</country>
            </address>
            <phone>+34 932562180</phone>
            <electronicMailAddress>vvicedov@bcn.cat</electronicMailAddress>
            <onlineUrl>https://museuciencies.cat/</onlineUrl>
        </metadataProvider>
        <pubDate>
                2020-12-11
        </pubDate>
        <language>SPANISH</language>
        <abstract>
            In 1891, the first major palaeontological collection of the Museum (then the Martorell Museum) was acquired from F. Pisani, a Paris merchant. This collection soon had others added as a result of the collecting carried out to prepare the Geological Map of Catalonia (Almera Collection), the headquarters of which were established in the Museum. The monographic reviews carried out by specialists such as J. Lambert, G. de Angelis d’Ossat, P. Fallot and F. Blanchet, led to a significant increase in type and figurative specimens. The bulk of the material, completed with some purchases abroad, collection and excavations by technical staff of the Museum, entered the Museum in the first third of the 20th century. The current register of the general palaeontology collection of the Museum was started in 1922 with the entry of the Lluís Marià Vidal collection. In recent decades, other important collections have been added, including those of José F. de Villalta and colleagues (notable for their variety and the number of specimens), the collections of plants of Martí Madern (Oligocene) and Vicente i Castells (Cretaceous), among many others. The research developed in the Department have also contributed to the increasing of the scientific palaeontological collections of echinoids and larger foraminifera mainly of Cretaceous and Paleogene age.

Villalta Collection

Josep Fernández de Villalta (Barcelona, 1913-2003) was a researcher at CSIC Spanish National Research Council) and the mentor of many geologists from the University of Barcelona. He assembled an important palaeontological collection of invertebrates, vertebrates and plants. He donated his private palaeontological collection, the result of over 50 years of work, as well as numerous publications, to the Geology Museum of Barcelona. The collection contains around 33,600 registers (about 109,000 specimens) and is of extraordinary value, in part due to its excellent state of conservation and in part due to its scientific relevance. Given that most of Dr. VIllalta&amp;#39;s palaeontological scientific work was carried out in Catalonia, this collection represents a priceless contribution to the Museum and to knowledge of Catalan geology. Accessioned in 1986, the Villalta Collection consists of the following: the invertebrate fossil collection from the Department of Geomorphology from the University of Barcelona, on loan to the CSIC (Barcelona) since the university moved to its new buildings in Pedralbes; a collection of Pleistocene vertebrates from the CSIC (Barcelona), the result of the excavations conducted by Dr Villalta and his collaborators, mainly during the 1970s; a collection of Miocene flora from La Cerdanya and a number of type specimens originating from his research.
        </abstract>
        <keywordSet>
            <keyword>Paleozoic</keyword>
            <keyword>Fossil vertebrates</keyword>
            <keyword>Ichnofossils</keyword>
            <keyword>Mesozoic</keyword>
            <keyword>Fossil plants</keyword>
            <keyword>Europe</keyword>
            <keyword>America</keyword>
            <keyword>Micropaleontology</keyword>
            <keyword>Cenozoic</keyword>
            <keyword>Fossil invertebrates</keyword>
            <keywordThesaurus>NA</keywordThesaurus>
        </keywordSet>
        <keywordSet>
            <keyword>Occurrence</keyword>
            <keywordThesaurus>GBIF Dataset Type Vocabulary: http://rs.gbif.org/vocabulary/gbif/dataset_type.xml</keywordThesaurus>
        </keywordSet>
        <intellectualRights>
            <para>This work is licensed under a <ulink url="http://creativecommons.org/licenses/by/4.0/legalcode"><citetitle>Creative Commons Attribution (CC-BY) 4.0 License</citetitle></ulink>.</para>
        </intellectualRights>
        <licensed>
            <licenseName>Creative Commons Attribution 4.0 International</licenseName>
            <url>https://spdx.org/licenses/CC-BY-4.0.html</url>
            <identifier>CC-BY-4.0</identifier>
        </licensed>
        <distribution scope="document">
            <online>
                <url function="information">http://museuciencies.cat/en/area-cientifica/col%C2%B7leccions/col%C2%B7leccions-geologiques/paeontologiques/</url>
            </online>
        </distribution>
        <distribution scope="document">
            <online>
                <url function="download">https://ipt.gbif.es/archive.do?r=mgb</url>
            </online>
        </distribution>
        <coverage>
            <geographicCoverage>
                <geographicDescription>Global coverage</geographicDescription>
                <boundingCoordinates>
                    <westBoundingCoordinate>-180</westBoundingCoordinate>
                    <eastBoundingCoordinate>180</eastBoundingCoordinate>
                    <northBoundingCoordinate>90</northBoundingCoordinate>
                    <southBoundingCoordinate>-90</southBoundingCoordinate>
                </boundingCoordinates>
            </geographicCoverage>
        </coverage>
        <maintenance>
            <description>
                <para></para>
            </description>
            <maintenanceUpdateFrequency>daily</maintenanceUpdateFrequency>
        </maintenance>
        <contact>
            <individualName>
                <givenName>Vicent</givenName>
                <surName>Vicedo</surName>
            </individualName>
            <organizationName>Museu de Ciències Naturals de Barcelona</organizationName>
            <positionName>Curator of Palaeontology</positionName>
            <address>
                <deliveryPoint>Pg. Picasso s/n</deliveryPoint>
                <city>Barcelona</city>
                <administrativeArea>Cataluña</administrativeArea>
                <postalCode>08003</postalCode>
                <country>SPAIN</country>
            </address>
            <phone>+34 932562180</phone>
            <electronicMailAddress>vvicedov@bcn.cat</electronicMailAddress>
            <onlineUrl>https://museuciencies.cat/</onlineUrl>
        </contact>

    </dataset>

    <additionalMetadata>
        <metadata>
            <gbif>
                <dateStamp>2025-02-13T18:20:25Z</dateStamp>
                <citation>Vicedo V (2020). Museu de Ciències Naturals de Barcelona: MCNB-Pal. Version 1.14. Museu de Ciències Naturals de Barcelona. Occurrence dataset https://doi.org/10.15468/pumbdv accessed via GBIF.org on 2025-02-13.</citation>
                <resourceLogoUrl>http://www.gbif.es/ipt/logo.do?r=mgb</resourceLogoUrl>
                <collection>
                    <parentCollectionIdentifier>Museu de Ciències Naturals de Barcelona</parentCollectionIdentifier>
                    <collectionIdentifier>http://www.gbif.org/dataset/93082fdb-1a18-40de-a25c-5d1b594a370d</collectionIdentifier>
                    <collectionName>Colección de Paleontología</collectionName>
                </collection>
                <specimenPreservationMethod>OTHER</specimenPreservationMethod>
                <livingTimePeriod>All Geological Periods</livingTimePeriod>
            </gbif>
        </metadata>
    </additionalMetadata>
    </eml:eml>
