<?xml version="1.0" encoding="utf-8"?>
<eml:eml xmlns:eml="https://eml.ecoinformatics.org/eml-2.2.0" xmlns:xsi="http://www.w3.org/2001/XMLSchema-instance"
         xsi:schemaLocation="https://eml.ecoinformatics.org/eml-2.2.0 https://rs.gbif.org/schema/eml-gbif-profile/1.3/eml.xsd"
packageId="aa6c5ee6-d4d7-4a65-a04f-379cffbf4842"  system="http://gbif.org" scope="system"
xml:lang="en">
    <dataset>
        <alternateIdentifier>10.15468/jnnald</alternateIdentifier>
        <title>ArtenFinder</title>
        <creator>
            <individualName>
                <surName>Stiftung Natur und Umwelt Rheinland-Pfalz</surName>
            </individualName>
            <address>
                <deliveryPoint>Diether-von-Isenburg-Str. 7, 55116 Mainz, Germany</deliveryPoint>
            </address>
            <phone>+49 (0) 6131 165070</phone>
            <electronicMailAddress>artenfinder@snu.rlp.de</electronicMailAddress>
        </creator>
        <associatedParty>
            <individualName>
                <surName>u-werk - Umwelt- &amp; Informationsdienste, Dr. Meyer und Lausmann GbR</surName>
            </individualName>
            <electronicMailAddress>info@u-werk.net</electronicMailAddress>
            <role>TECHNICAL_POINT_OF_CONTACT</role>
        </associatedParty>
        <language>en</language>
        <abstract>
            ArtenFinder is a collaborative observation platform of several German federal states such as Rhineland-Palatinate and Berlin. Each state branch runs its own web platform but shares a common database. Users can upload, edit and manage their own observations of animals, plants and fungi, as well as research observations of other users. Experts check observational data obtaining high data quality. This allows the data to be used by state authorities and for research purposes.
        </abstract>
        <intellectualRights>
            <para>To the extent possible under law, the publisher has waived all rights to these data and has dedicated them to the <ulink url="http://creativecommons.org/publicdomain/zero/1.0/legalcode"><citetitle>Public Domain (CC0 1.0)</citetitle></ulink>. Users may copy, modify, distribute and use the work, including for commercial purposes, without restriction.</para>
        </intellectualRights>
        <licensed>
            <licenseName>Creative Commons Zero v1.0 Universal</licenseName>
            <url>https://spdx.org/licenses/CC0-1.0.html</url>
            <identifier>CC0-1.0</identifier>
        </licensed>
        <distribution scope="document">
            <online>
                <url function="information">https://artenfinder.net</url>
            </online>
        </distribution>
        <contact>
            <individualName>
                <surName>Stiftung Natur und Umwelt Rheinland-Pfalz</surName>
            </individualName>
            <address>
                <deliveryPoint>Diether-von-Isenburg-Str. 7, 55116 Mainz, Germany</deliveryPoint>
            </address>
            <phone>+49 (0) 6131 165070</phone>
            <electronicMailAddress>artenfinder@snu.rlp.de</electronicMailAddress>
        </contact>

    </dataset>

    <additionalMetadata>
        <metadata>
            <gbif>
                <dateStamp>2025-02-13T18:20:15Z</dateStamp>
                <citation>ArtenFinder bei der Stiftung Natur und Umwelt RLP und der Stiftung Naturschutz Berlin. ArtenFinder. Occurrence dataset https://doi.org/10.15468/jnnald accessed via GBIF.org on 2025-02-13.</citation>
            </gbif>
        </metadata>
    </additionalMetadata>
    </eml:eml>
