<?xml version="1.0" encoding="utf-8"?>
<eml:eml xmlns:eml="https://eml.ecoinformatics.org/eml-2.2.0" xmlns:xsi="http://www.w3.org/2001/XMLSchema-instance"
         xsi:schemaLocation="https://eml.ecoinformatics.org/eml-2.2.0 https://rs.gbif.org/schema/eml-gbif-profile/1.3/eml.xsd"
packageId="b19c5fce-2b1b-4486-b601-f8ddf2ad1e21"  system="http://gbif.org" scope="system"
xml:lang="en">
    <dataset>
        <alternateIdentifier>10.15468/kkw6cy</alternateIdentifier>
        <alternateIdentifier>b19c5fce-2b1b-4486-b601-f8ddf2ad1e21</alternateIdentifier>
        <alternateIdentifier>https://kbif.naris.go.kr/ipt/resource?r=2020_biodiversity_information</alternateIdentifier>
        <title>2020_biodiversity_information_observation</title>
        <creator>
            <organizationName>National Science Museum of Korea</organizationName>
            <address>
                <country>KOREA_SOUTH</country>
            </address>
        </creator>
        <metadataProvider>
            <individualName>
                <surName>info</surName>
            </individualName>
            <organizationName>National Science Museum of Korea</organizationName>
            <address>
                <deliveryPoint>481 Daedeokdaero, Yuseon-gu</deliveryPoint>
                <city>Daejeon</city>
                <postalCode>34143</postalCode>
                <country>KOREA_SOUTH</country>
            </address>
            <electronicMailAddress>info@nsmk.kr</electronicMailAddress>
            <onlineUrl>http://www.naris.go.kr</onlineUrl>
        </metadataProvider>
        <associatedParty>
            <individualName>
                <givenName>JunHee</givenName>
                <surName>Kim</surName>
            </individualName>
            <electronicMailAddress>kjh891209@gmail.com</electronicMailAddress>
            <role>USER</role>
        </associatedParty>
        <pubDate>
                2022-11-01
        </pubDate>
        <language>ENGLISH</language>
        <abstract>
            2020 Biodiversity Data Collected by the National Science Museum of Korea.
Birds and Mammals.
        </abstract>
        <keywordSet>
            <keyword>Occurrence</keyword>
            <keywordThesaurus>GBIF Dataset Type Vocabulary: http://rs.gbif.org/vocabulary/gbif/dataset_type.xml</keywordThesaurus>
        </keywordSet>
        <keywordSet>
            <keyword>Observation</keyword>
            <keywordThesaurus>GBIF Dataset Subtype Vocabulary: http://rs.gbif.org/vocabulary/gbif/dataset_subtype.xml</keywordThesaurus>
        </keywordSet>
        <intellectualRights>
            <para>To the extent possible under law, the publisher has waived all rights to these data and has dedicated them to the <ulink url="http://creativecommons.org/publicdomain/zero/1.0/legalcode"><citetitle>Public Domain (CC0 1.0)</citetitle></ulink>. Users may copy, modify, distribute and use the work, including for commercial purposes, without restriction.</para>
        </intellectualRights>
        <licensed>
            <licenseName>Creative Commons Zero v1.0 Universal</licenseName>
            <url>https://spdx.org/licenses/CC0-1.0.html</url>
            <identifier>CC0-1.0</identifier>
        </licensed>
        <distribution scope="document">
            <online>
                <url function="download">https://kbif.naris.go.kr/ipt/archive.do?r=2020_biodiversity_information</url>
            </online>
        </distribution>
        <maintenance>
            <description>
                <para></para>
            </description>
            <maintenanceUpdateFrequency>unkown</maintenanceUpdateFrequency>
        </maintenance>
        <contact>
            <individualName>
                <surName>info</surName>
            </individualName>
            <organizationName>National Science Museum of Korea</organizationName>
            <address>
                <deliveryPoint>481 Daedeokdaero, Yuseon-gu</deliveryPoint>
                <city>Daejeon</city>
                <postalCode>34143</postalCode>
                <country>KOREA_SOUTH</country>
            </address>
            <electronicMailAddress>info@nsmk.kr</electronicMailAddress>
            <onlineUrl>http://www.naris.go.kr</onlineUrl>
        </contact>

    </dataset>

    <additionalMetadata>
        <metadata>
            <gbif>
                <dateStamp>2025-02-13T18:20:30Z</dateStamp>
                <citation>National Science Museum of Korea (2022). 2020_biodiversity_information_observation. Version 1.3. Occurrence dataset https://doi.org/10.15468/kkw6cy accessed via GBIF.org on 2025-02-13.</citation>
            </gbif>
        </metadata>
    </additionalMetadata>
    </eml:eml>
