<?xml version="1.0" encoding="utf-8"?>
<eml:eml xmlns:eml="https://eml.ecoinformatics.org/eml-2.2.0" xmlns:xsi="http://www.w3.org/2001/XMLSchema-instance"
         xsi:schemaLocation="https://eml.ecoinformatics.org/eml-2.2.0 https://rs.gbif.org/schema/eml-gbif-profile/1.3/eml.xsd"
packageId="c5c4a23e-2035-4416-ab64-032d6df52ddb"  system="http://gbif.org" scope="system"
xml:lang="en">
    <dataset>
        <alternateIdentifier>10.15468/2rlrvh</alternateIdentifier>
        <alternateIdentifier>http://gbif.rom.on.ca/ipt/resource?r=mamm</alternateIdentifier>
        <alternateIdentifier>http://gbif.rom.on.ca:8180/ipt/resource?r=mamm</alternateIdentifier>
        <alternateIdentifier>http://gbif.rom.on.ca:8180/ipt/resource.do?r=mamm</alternateIdentifier>
        <alternateIdentifier>c5c4a23e-2035-4416-ab64-032d6df52ddb</alternateIdentifier>
        <title>Mammalogy Collection - Royal Ontario Museum</title>
        <creator>
            <individualName>
                <givenName>Bradley</givenName>
                <surName>Millen</surName>
            </individualName>
            <organizationName>Royal Ontario Museum</organizationName>
            <positionName>Database Technician</positionName>
            <address>
                <deliveryPoint>100 Queen&apos;s Park</deliveryPoint>
                <city>Toronto</city>
                <administrativeArea>Ontario</administrativeArea>
                <postalCode>M5S 2C6</postalCode>
                <country>CANADA</country>
            </address>
            <phone>1-416-586-5768</phone>
            <electronicMailAddress>bradm@rom.on.ca</electronicMailAddress>
        </creator>
        <metadataProvider>
            <individualName>
                <givenName>Burton</givenName>
                <surName>Lim</surName>
            </individualName>
            <organizationName>Royal Ontario Museum</organizationName>
            <positionName>Associate Curator</positionName>
            <address>
                <deliveryPoint>100 Queen&apos;s Park</deliveryPoint>
                <city>Toronto</city>
                <administrativeArea>Ontario</administrativeArea>
                <postalCode>M5S 2C6</postalCode>
                <country>CANADA</country>
            </address>
            <phone>1-416-586-5771</phone>
            <electronicMailAddress>burtonl@rom.on.ca</electronicMailAddress>
            <onlineUrl>http://www.rom.on.ca/en/collections-research/rom-staff/burton-lim</onlineUrl>
        </metadataProvider>
        <associatedParty>
            <individualName>
                <givenName>Judith</givenName>
                <surName>Eger</surName>
            </individualName>
            <organizationName>Royal Ontario Museum</organizationName>
            <positionName>Curator - retired</positionName>
            <address>
                <deliveryPoint>100 Queen&apos;s Park</deliveryPoint>
                <city>Toronto</city>
                <administrativeArea>Ontario</administrativeArea>
                <postalCode>M5S 2C6</postalCode>
                <country>CANADA</country>
            </address>
            <phone>1-416-586-5894</phone>
            <electronicMailAddress>judithe@rom.on.ca</electronicMailAddress>
            <onlineUrl>http://www.rom.on.ca/en/collections-research/rom-staff/judith-eger</onlineUrl>
            <role>USER</role>
        </associatedParty>
        <associatedParty>
            <individualName>
                <givenName>Susan</givenName>
                <surName>Woodward</surName>
            </individualName>
            <organizationName>Royal Ontario Museum</organizationName>
            <positionName>Assistant Curator - Retired</positionName>
            <address>
                <deliveryPoint>100 Queen&apos;s Park</deliveryPoint>
                <city>Toronto</city>
                <administrativeArea>Ontario</administrativeArea>
                <postalCode>M5S 2C6</postalCode>
                <country>CANADA</country>
            </address>
            <phone>1-416-586-5768</phone>
            <electronicMailAddress>susanw@rom.on.ca</electronicMailAddress>
            <onlineUrl>http://www.rom.on.ca/en/collections-research/rom-staff/susan-woodward</onlineUrl>
            <role>USER</role>
        </associatedParty>
        <pubDate>
                2018-04-04
        </pubDate>
        <language>ENGLISH</language>
        <abstract>
            The Mammal collection consists of 120,000 skins, skeletons, wet specimens and is strong in Chiroptera and New World Rodents. The geographic strengths are Ontario (pre-1985), Guyana, Suriname, Colombia, southeastern Asia, Kenya, Uganda and Zimbabwe. Approximately 24,000 of the more recent voucher specimens have associated frozen tissues.
        </abstract>
        <keywordSet>
            <keyword>Occurrence;ROM; Royal Ontario Museum; Mammals; Chiroptera; New World Rodents; preserved specimens</keyword>
            <keywordThesaurus>GBIF Dataset Type Vocabulary: http://rs.gbif.org/vocabulary/gbif/dataset_type.xml</keywordThesaurus>
        </keywordSet>
        <keywordSet>
            <keyword>Specimen</keyword>
            <keywordThesaurus>GBIF Dataset Subtype Vocabulary: http://rs.gbif.org/vocabulary/gbif/dataset_subtype.xml</keywordThesaurus>
        </keywordSet>
        <intellectualRights>
            <para>This work is licensed under a <ulink url="http://creativecommons.org/licenses/by-nc/4.0/legalcode"><citetitle>Creative Commons Attribution Non Commercial (CC-BY-NC) 4.0 License</citetitle></ulink>.</para>
        </intellectualRights>
        <licensed>
            <licenseName>Creative Commons Attribution Non Commercial 4.0 International</licenseName>
            <url>https://spdx.org/licenses/CC-BY-NC-4.0.html</url>
            <identifier>CC-BY-NC-4.0</identifier>
        </licensed>
        <distribution scope="document">
            <online>
                <url function="download">http://puma:8080/ipt/archive.do?r=mamm</url>
            </online>
        </distribution>
        <coverage>
            <geographicCoverage>
                <geographicDescription>Specimens represent all continents and oceans.</geographicDescription>
                <boundingCoordinates>
                    <westBoundingCoordinate>-180</westBoundingCoordinate>
                    <eastBoundingCoordinate>180</eastBoundingCoordinate>
                    <northBoundingCoordinate>90</northBoundingCoordinate>
                    <southBoundingCoordinate>-90</southBoundingCoordinate>
                </boundingCoordinates>
            </geographicCoverage>
        </coverage>
        <maintenance>
            <description>
                <para></para>
            </description>
            <maintenanceUpdateFrequency>unkown</maintenanceUpdateFrequency>
        </maintenance>
        <contact>
            <individualName>
                <givenName>Burton</givenName>
                <surName>Lim</surName>
            </individualName>
            <organizationName>Royal Ontario Museum</organizationName>
            <positionName>Associate Curator</positionName>
            <address>
                <deliveryPoint>100 Queen&apos;s Park</deliveryPoint>
                <city>Toronto</city>
                <administrativeArea>Ontario</administrativeArea>
                <postalCode>M5S 2C6</postalCode>
                <country>CANADA</country>
            </address>
            <phone>1-416-586-5771</phone>
            <electronicMailAddress>burtonl@rom.on.ca</electronicMailAddress>
            <onlineUrl>http://www.rom.on.ca/en/collections-research/rom-staff/burton-lim</onlineUrl>
        </contact>

    </dataset>

    <additionalMetadata>
        <metadata>
            <gbif>
                <dateStamp>2025-02-13T18:20:31Z</dateStamp>
                <citation>Millen B, Lim B (2018). Mammalogy Collection - Royal Ontario Museum. Version 11.5. Royal Ontario Museum. Occurrence dataset https://doi.org/10.15468/2rlrvh accessed via GBIF.org on 2025-02-13.</citation>
                <resourceLogoUrl>http://gbif.rom.on.ca:8180/ipt/logo.do?r=mamm</resourceLogoUrl>
                <collection>
                    <parentCollectionIdentifier>Royal Ontario Museum (urn:lsid:biocol.org:col:34778)</parentCollectionIdentifier>
                    <collectionIdentifier>http://grbio.org/cool/pawq-rs8t (urn:lsid:biocol.org:col:34909)</collectionIdentifier>
                    <collectionName>Mammalogy</collectionName>
                </collection>
                <specimenPreservationMethod>DRIED</specimenPreservationMethod>
                <livingTimePeriod>1870 to present</livingTimePeriod>
            </gbif>
        </metadata>
    </additionalMetadata>
    </eml:eml>
