<?xml version="1.0" encoding="utf-8"?>
<eml:eml xmlns:eml="https://eml.ecoinformatics.org/eml-2.2.0" xmlns:xsi="http://www.w3.org/2001/XMLSchema-instance"
         xsi:schemaLocation="https://eml.ecoinformatics.org/eml-2.2.0 https://rs.gbif.org/schema/eml-gbif-profile/1.3/eml.xsd"
packageId="d0d5ef85-71b2-4da6-b6f6-c1c3d60987d3"  system="http://gbif.org" scope="system"
xml:lang="en">
    <dataset>
        <alternateIdentifier>10.15468/ejb47y</alternateIdentifier>
        <title>Roadkill</title>
        <creator>
            <organizationName>University of Natural Resources and Life Sciences, Vienna</organizationName>
        </creator>
        <metadataProvider>
            <organizationName>Florian Heigl</organizationName>
            <electronicMailAddress>florian.heigl@boku.ac.at</electronicMailAddress>
        </metadataProvider>
        <pubDate>
                2024-01-01
        </pubDate>
        <language>en</language>
        <abstract>
            <para>These are the data on roadkilled vertebrates from the citizen science project Roadkill (https://roadkill.at/en/) collected in the years 2014-2023, which correspond to quality level 1. Quality level 2 data are published via Zenodo and can be found here: https://zenodo.org/record/5878813#.YegX2y9Xb0o.</para><para>A description of the data collection method can be found here: https://www.nature.com/articles/s41597-022-01599-6</para><para>Every other day, data entered into the Roadkill project were validated by members of the project team to correct incorrect or inconsistent entries via the backend of the website or, if the record cannot be corrected, to delete the record. Correction of data was done (i) by the project team itself when errors were obvious (e.g., animal in the submitted image does not match the species identification listed) or (ii) by the participants themselves after being informed by the project team that a correction is needed (e.g., if the roadkill is not on a road). Since the participants collected the data during their daily routine, the submitted data are so-called presence-only data.</para><para>To ensure the quality of the data, we used a stepwise selection process that allowed us to classify the submitted data into three quality levels at the end of this process:</para><para>Quality Level 1: Records with correct species identification (either by experts or by images) and consistent data.
Quality level 2: Records with consistent data, but no possible validation of the species
			Deleted: records with inconsistent data and no possible validation of the species</para><para>We thank all the citizen scientists who reported the data and helped identify the species. Without the voluntary work of the citizen scientists this project would not be possible.</para>
        </abstract>
        <intellectualRights>
            <para>This work is licensed under a <ulink url="http://creativecommons.org/licenses/by/4.0/legalcode"><citetitle>Creative Commons Attribution (CC-BY) 4.0 License</citetitle></ulink>.</para>
        </intellectualRights>
        <licensed>
            <licenseName>Creative Commons Attribution 4.0 International</licenseName>
            <url>https://spdx.org/licenses/CC-BY-4.0.html</url>
            <identifier>CC-BY-4.0</identifier>
        </licensed>
        <distribution scope="document">
            <online>
                <url function="download">https://www.zobodat.at/gbif/roadkill/DwCA.zip</url>
            </online>
        </distribution>
        <contact>
            <individualName>
                <surName>Florian Heigl</surName>
            </individualName>
            <electronicMailAddress>florian.heigl@boku.ac.at</electronicMailAddress>
        </contact>

    </dataset>

    <additionalMetadata>
        <metadata>
            <gbif>
                <dateStamp>2025-02-13T18:20:02Z</dateStamp>
                <citation>University of Natural Resources and Life Sciences, Vienna (2024). Roadkill. Occurrence dataset https://doi.org/10.15468/ejb47y accessed via GBIF.org on 2025-02-13.</citation>
            </gbif>
        </metadata>
    </additionalMetadata>
    </eml:eml>
