<?xml version="1.0" encoding="utf-8"?>
<eml:eml xmlns:eml="https://eml.ecoinformatics.org/eml-2.2.0" xmlns:xsi="http://www.w3.org/2001/XMLSchema-instance"
         xsi:schemaLocation="https://eml.ecoinformatics.org/eml-2.2.0 https://rs.gbif.org/schema/eml-gbif-profile/1.3/eml.xsd"
packageId="db908fac-ed42-407e-817c-3f10ce74a28e"  system="http://gbif.org" scope="system"
xml:lang="en">
    <dataset>
        <alternateIdentifier>10.15468/e2w795</alternateIdentifier>
        <alternateIdentifier>https://ukraine.ipt.gbif.no/resource?r=catalogrodent1</alternateIdentifier>
        <alternateIdentifier>https://cloud.gbif.org/eca/resource?r=catalogrodent1</alternateIdentifier>
        <alternateIdentifier>db908fac-ed42-407e-817c-3f10ce74a28e</alternateIdentifier>
        <alternateIdentifier>https://gbif.univer.kharkov.ua/resource?r=catalogrodent1</alternateIdentifier>
        <title>Mammals in the collection of Zoological Museum of NSNHM (the National Science and Natural History Museum at the National Academy of Sciences of Ukraine, Kyiv): Muridae.</title>
        <creator>
            <individualName>
                <givenName>Maksym</givenName>
                <surName>Marushchak</surName>
            </individualName>
            <organizationName>Ukrainian Nature Conservation Group</organizationName>
            <positionName>naturalist</positionName>
            <address>
                <country>UKRAINE</country>
            </address>
        </creator>
        <creator>
            <individualName>
                <givenName>Mikhail</givenName>
                <surName>Rusin</surName>
            </individualName>
            <organizationName>Kyiv Zoo</organizationName>
            <positionName>senior researcher</positionName>
            <address>
                <country>UKRAINE</country>
            </address>
            <electronicMailAddress>ellobius.talpinus@gmail.com</electronicMailAddress>
        </creator>
        <creator>
            <individualName>
                <givenName>Oleksii</givenName>
                <surName>Marushchak</surName>
            </individualName>
            <organizationName>I. I. Schmalhausen Institute of Zoology NAS of Ukraine</organizationName>
            <positionName>junior researcher</positionName>
            <address>
                <deliveryPoint>Vul. B. Khmelnytskogo, 15</deliveryPoint>
                <city>Kyiv</city>
                <postalCode>01030</postalCode>
                <country>UKRAINE</country>
            </address>
            <phone>+380964882670</phone>
            <electronicMailAddress>ecopelobates@gmail.com</electronicMailAddress>
            <userId directory="http://orcid.org/">0000-0001-9380-5593</userId>
        </creator>
        <metadataProvider>
            <individualName>
                <givenName>Oleksii</givenName>
                <surName>Marushchak</surName>
            </individualName>
            <organizationName>I. I. Schmalhausen Institute of Zoology NAS of Ukraine</organizationName>
            <positionName>junior researcher</positionName>
            <address>
                <deliveryPoint>Vul. B. Khmelnytskogo, 15</deliveryPoint>
                <city>Kyiv</city>
                <postalCode>01030</postalCode>
                <country>UKRAINE</country>
            </address>
            <phone>+380964882670</phone>
            <electronicMailAddress>ecopelobates@gmail.com</electronicMailAddress>
            <userId directory="http://orcid.org/">0000-0001-9380-5593</userId>
        </metadataProvider>
        <associatedParty>
            <individualName>
                <givenName>Oleksii</givenName>
                <surName>Marushchak</surName>
            </individualName>
            <organizationName>I. I. Schmalhausen Institute of Zoology NAS of Ukraine</organizationName>
            <positionName>junior researcher</positionName>
            <address>
                <deliveryPoint>Vul. B. Khmelnytskogo, 15</deliveryPoint>
                <city>Kyiv</city>
                <postalCode>01030</postalCode>
                <country>UKRAINE</country>
            </address>
            <phone>+380964882670</phone>
            <electronicMailAddress>ecopelobates@gmail.com</electronicMailAddress>
            <userId directory="http://orcid.org/">0000-0001-9380-5593</userId>
            <role>PROGRAMMER</role>
        </associatedParty>
        <pubDate>
                2022-08-29
        </pubDate>
        <language>ENGLISH</language>
        <abstract>
            Mammal species occurrences according to the data in museum catalogue: Shevtchenko L. S., Zolotuchina S. I. Mammals. Vol. 1. Muridae. - Kiev: NSNHM, 2002. - 217 p. - (Catalogue of the Museum of Zoology, NSNHM, NAS of Ukraine).
        </abstract>
        <keywordSet>
            <keyword>preserved specimens</keyword>
            <keyword>museum</keyword>
            <keyword>mammals</keyword>
            <keyword>Muridae</keyword>
            <keyword>Rodentia</keyword>
            <keyword>Occurrence</keyword>
            <keywordThesaurus>GBIF Dataset Type Vocabulary: http://rs.gbif.org/vocabulary/gbif/dataset_type.xml</keywordThesaurus>
        </keywordSet>
        <keywordSet>
            <keyword>Occurrence</keyword>
            <keywordThesaurus>GBIF Dataset Type Vocabulary: http://rs.gbif.org/vocabulary/gbif/dataset_type_2015-07-10.xml</keywordThesaurus>
        </keywordSet>
        <intellectualRights>
            <para>This work is licensed under a <ulink url="http://creativecommons.org/licenses/by/4.0/legalcode"><citetitle>Creative Commons Attribution (CC-BY) 4.0 License</citetitle></ulink>.</para>
        </intellectualRights>
        <licensed>
            <licenseName>Creative Commons Attribution 4.0 International</licenseName>
            <url>https://spdx.org/licenses/CC-BY-4.0.html</url>
            <identifier>CC-BY-4.0</identifier>
        </licensed>
        <distribution scope="document">
            <online>
                <url function="download">https://ukraine.ipt.gbif.no/archive.do?r=catalogrodent1</url>
            </online>
        </distribution>
        <coverage>
            <geographicCoverage>
                <geographicDescription>The dataset consists of occurances from mammals&apos; findings collected from Armenia, Kyrgyzstan, Ukraine, Belarus, Turkmenistan, Uzbekistan, Azerbaijan, Russia, Georgia, Germany, Czech Republic, Kazakhstan, Moldova, Romania, Mongolia, Slovakia, Switzerland, United states of America.</geographicDescription>
                <boundingCoordinates>
                    <westBoundingCoordinate>-171.562</westBoundingCoordinate>
                    <eastBoundingCoordinate>-167.344</eastBoundingCoordinate>
                    <northBoundingCoordinate>76.841</northBoundingCoordinate>
                    <southBoundingCoordinate>25.165</southBoundingCoordinate>
                </boundingCoordinates>
            </geographicCoverage>
            <temporalCoverage>
                <rangeOfDates>
                    <beginDate>
                        <calendarDate>                1849
</calendarDate>
                    </beginDate>
                    <endDate>
                        <calendarDate>                2001
</calendarDate>
                    </endDate>
                </rangeOfDates>
            </temporalCoverage>
            <taxonomicCoverage>
                <generalTaxonomicCoverage>The dataset consists of representatives of Muridae family.</generalTaxonomicCoverage>
                <taxonomicClassification>
                    <taxonRankName>Kingdom</taxonRankName>
                    <taxonRankValue>Animalia</taxonRankValue>
                </taxonomicClassification>
                <taxonomicClassification>
                    <taxonRankName>Phylum</taxonRankName>
                    <taxonRankValue>Chordata</taxonRankValue>
                </taxonomicClassification>
                <taxonomicClassification>
                    <taxonRankName>Class</taxonRankName>
                    <taxonRankValue>Mammalia</taxonRankValue>
                </taxonomicClassification>
                <taxonomicClassification>
                    <taxonRankName>Order</taxonRankName>
                    <taxonRankValue>Rodentia</taxonRankValue>
                </taxonomicClassification>
                <taxonomicClassification>
                    <taxonRankName>Family</taxonRankName>
                    <taxonRankValue>Muridae</taxonRankValue>
                </taxonomicClassification>
            </taxonomicCoverage>
        </coverage>
        <maintenance>
            <description>
                <para></para>
            </description>
            <maintenanceUpdateFrequency>unkown</maintenanceUpdateFrequency>
        </maintenance>
        <contact>
            <individualName>
                <givenName>Mikhail</givenName>
                <surName>Rusin</surName>
            </individualName>
            <organizationName>Kyiv Zoo</organizationName>
            <positionName>senior researcher</positionName>
            <address>
                <country>UKRAINE</country>
            </address>
            <electronicMailAddress>ellobius.talpinus@gmail.com</electronicMailAddress>
        </contact>
        <methods>
            <methodStep>
                <description>
                    <para>Georeferencing using Google Earth software.</para>
                </description>
            </methodStep>
            <methodStep>
                <description>
                    <para>Correcting of the issues and mistakes.</para>
                </description>
            </methodStep>
            <sampling>
                <studyExtent>
                    <description>
                        <para>Occurrence data were obtained from published Catalogue of the Museum of Zoology, NSNHM, NAS of Ukraine: Shevtchenko L. S., Zolotuchina S. I. Mammals. Vol. 1. Muridae. - Kiev: NSNHM, 2002. - 217 p.</para>
                    </description>
                </studyExtent>
                <samplingDescription>
                    <para>Data were collected, provided and preserved by the authors of the collections and the organized by the staff of Zoological Museum, National Museum of Natural History, Ukrainian Academy of Sciences. Points of findings were georeferenced according to the available description of each preserved specimen that was found in the publication: Shevtchenko L. S., Zolotuchina S. I. Mammals. Vol. 1. Muridae. - Kiev: NSNHM, 2002. - 217 p.</para>
                </samplingDescription>
            </sampling>
            <qualityControl>
                <description>
                    <para>Authors of the dataset are responcible for the accuracy of its organizing and the data transfered from the mentioned publication.</para>
                </description>
            </qualityControl>
        </methods>

            <project id="nlbif2018.2019.004">
                <title>Mobilization of biodiversity data from Ukraine to GBIF</title>
                <personnel>
                    <individualName>
                    <givenName>Svetlana</givenName>
                    <surName>Miteva</surName>
                    </individualName>
                    <role>POINT_OF_CONTACT</role>
                </personnel>
                <personnel>
                    <individualName>
                    <givenName>Mikhail</givenName>
                    <surName>Rusin</surName>
                    </individualName>
                    <role>POINT_OF_CONTACT</role>
                </personnel>
                <abstract>
                    <para>Dataset has been organized with the support of Project nlbif2018.2019.004 funded by NLBIF to The Habitat Foundation &quot;Mobilization of biodiversity data from Ukraine to GBIF&quot; https://www.nlbif.nl/mobilization-of-biodiversity-data-from-ukraine-to-gbif/</para>
                </abstract>
                <funding>
                    <para></para>
                </funding>
            </project>
    </dataset>

    <additionalMetadata>
        <metadata>
            <gbif>
                <dateStamp>2025-02-13T18:20:30Z</dateStamp>
                <citation>Marushchak M, Rusin M, Marushchak O (2022). Mammals in the collection of Zoological Museum of NSNHM (the National Science and Natural History Museum at the National Academy of Sciences of Ukraine, Kyiv): Muridae.. Version 1.3. Ukrainian Nature Conservation Group (NGO). Occurrence dataset https://doi.org/10.15468/e2w795 accessed via GBIF.org on 2025-02-13.</citation>
            </gbif>
        </metadata>
    </additionalMetadata>
    </eml:eml>
