<?xml version="1.0" encoding="utf-8"?>
<eml:eml xmlns:eml="https://eml.ecoinformatics.org/eml-2.2.0" xmlns:xsi="http://www.w3.org/2001/XMLSchema-instance"
         xsi:schemaLocation="https://eml.ecoinformatics.org/eml-2.2.0 https://rs.gbif.org/schema/eml-gbif-profile/1.3/eml.xsd"
packageId="f9373c90-73c5-4ee4-b0f8-4c371f527d91"  system="http://gbif.org" scope="system"
xml:lang="en">
    <dataset>
        <alternateIdentifier>10.15468/qvyruc</alternateIdentifier>
        <alternateIdentifier>A2267A57FF8A65DA07E1D2E970F9422A</alternateIdentifier>
        <title>Order Rodentia - Family Muridae</title>
        <creator>
            <individualName>
                <givenName>Don E.</givenName>
                <surName>Wilson</surName>
            </individualName>
        </creator>
        <creator>
            <individualName>
                <givenName>DeeAnn</givenName>
                <surName>Reeder</surName>
            </individualName>
        </creator>
        <metadataProvider>
            <individualName>
                <givenName>Guido</givenName>
                <surName>Sautter</surName>
            </individualName>
            <organizationName>Plazi</organizationName>
        </metadataProvider>
        <associatedParty>
            <organizationName>Plazi</organizationName>
            <address>
                <city>Bern</city>
                <country>SWITZERLAND</country>
            </address>
            <electronicMailAddress>info@plazi.org</electronicMailAddress>
            <onlineUrl>https://plazi.org/</onlineUrl>
            <role>PUBLISHER</role>
        </associatedParty>
        <pubDate>
                2005-12-31
        </pubDate>
        <language>ENGLISH</language>
        <abstract>
            <para>This dataset contains the digitized treatments in Plazi based on the original book chapter Wilson, Don E., Reeder, DeeAnn (2005): Order Rodentia - Family Muridae. In: Mammal Species of the World: a Taxonomic and Geographic Reference (3 rd Edition), Volume 2. Baltimore: The Johns Hopkins University Press: 1189-1531, ISBN: 0-8018-8221-4, DOI: 10.5281/zenodo.7316535</para>
        </abstract>
        <intellectualRights>
            <para>To the extent possible under law, the publisher has waived all rights to these data and has dedicated them to the <ulink url="http://creativecommons.org/publicdomain/zero/1.0/legalcode"><citetitle>Public Domain (CC0 1.0)</citetitle></ulink>. Users may copy, modify, distribute and use the work, including for commercial purposes, without restriction.</para>
        </intellectualRights>
        <licensed>
            <licenseName>Creative Commons Zero v1.0 Universal</licenseName>
            <url>https://spdx.org/licenses/CC0-1.0.html</url>
            <identifier>CC0-1.0</identifier>
        </licensed>
        <distribution scope="document">
            <online>
                <url function="information">https://tb.plazi.org/GgServer/summary/A2267A57FF8A65DA07E1D2E970F9422A</url>
            </online>
        </distribution>
        <distribution scope="document">
            <online>
                <url function="download">https://tb.plazi.org/GgServer/dwca/A2267A57FF8A65DA07E1D2E970F9422A.zip</url>
            </online>
        </distribution>
        <contact>
            <individualName>
                <givenName>Guido</givenName>
                <surName>Sautter</surName>
            </individualName>
            <electronicMailAddress>sautter@plazi.org</electronicMailAddress>
            <onlineUrl>https://plazi.org</onlineUrl>
        </contact>

    </dataset>

    <additionalMetadata>
        <metadata>
            <gbif>
                <dateStamp>2025-02-13T18:20:20Z</dateStamp>
                <citation>Wilson D E, Reeder D, Sautter G (2005). Order Rodentia - Family Muridae. Plazi.org taxonomic treatments database. Checklist dataset https://doi.org/10.15468/qvyruc accessed via GBIF.org on 2025-02-13.</citation>
                <bibliography>
                <citation>Wilson, Don E., Reeder, DeeAnn (2005): Order Rodentia - Family Muridae. In: Mammal Species of the World: a Taxonomic and Geographic Reference (3 rd Edition), Volume 2. Baltimore: The Johns Hopkins University Press: 1189-1531, ISBN: 0-8018-8221-4, DOI: 10.5281/zenodo.7316535</citation>
                </bibliography>
            </gbif>
        </metadata>
    </additionalMetadata>
    </eml:eml>
