<?xml version="1.0" encoding="utf-8"?>
<eml:eml xmlns:eml="https://eml.ecoinformatics.org/eml-2.2.0" xmlns:xsi="http://www.w3.org/2001/XMLSchema-instance"
         xsi:schemaLocation="https://eml.ecoinformatics.org/eml-2.2.0 https://rs.gbif.org/schema/eml-gbif-profile/1.3/eml.xsd"
packageId="faeffe24-0bbc-468f-bfc5-8899d0ab5d78"  system="http://gbif.org" scope="system"
xml:lang="en">
    <dataset>
        <alternateIdentifier>10.15468/75jmhs</alternateIdentifier>
        <alternateIdentifier>faeffe24-0bbc-468f-bfc5-8899d0ab5d78</alternateIdentifier>
        <alternateIdentifier>https://ipt.vertnet.org/resource?r=crcm_mamm</alternateIdentifier>
        <alternateIdentifier>3a339645-d3b4-40aa-b891-f9c92dc554d8</alternateIdentifier>
        <title>Washington State University, Charles R. Conner Museum Mammal Specimens (Arctos)</title>
        <creator>
            <individualName>
                <givenName>Jessica</givenName>
                <surName>Tir</surName>
            </individualName>
            <organizationName>Charles R. Conner Museum, Washington State University</organizationName>
            <positionName>Collections Manager</positionName>
            <address>
                <deliveryPoint>School of Biological Sciences, Box 644236</deliveryPoint>
                <city>Pullman</city>
                <administrativeArea>Washington</administrativeArea>
                <postalCode>99164-4236</postalCode>
                <country>UNITED_STATES</country>
            </address>
            <electronicMailAddress>jessica.tir@wsu.edu</electronicMailAddress>
            <onlineUrl>https://sbs.wsu.edu/conner-museum/</onlineUrl>
        </creator>
        <creator>
            <individualName>
                <givenName>Kelly</givenName>
                <surName>Cassidy</surName>
            </individualName>
            <organizationName>Charles R. Conner Museum, Washington State University</organizationName>
            <positionName>Curator (Retired)</positionName>
            <address>
                <deliveryPoint>School of Biological Sciences, Box 644236</deliveryPoint>
                <city>Pullman</city>
                <administrativeArea>Washington</administrativeArea>
                <postalCode>99164-4236</postalCode>
                <country>UNITED_STATES</country>
            </address>
        </creator>
        <metadataProvider>
            <individualName>
                <givenName>Jessica</givenName>
                <surName>Tir</surName>
            </individualName>
            <organizationName>Charles R. Conner Museum, Washington State University</organizationName>
            <positionName>Collections Manager</positionName>
            <address>
                <deliveryPoint>School of Biological Sciences, Box 644236</deliveryPoint>
                <city>Pullman</city>
                <administrativeArea>Washington</administrativeArea>
                <postalCode>99164-4236</postalCode>
                <country>UNITED_STATES</country>
            </address>
            <electronicMailAddress>jessica.tir@wsu.edu</electronicMailAddress>
            <onlineUrl>https://sbs.wsu.edu/conner-museum/</onlineUrl>
        </metadataProvider>
        <associatedParty>
            <individualName>
                <givenName>David</givenName>
                <surName>Bloom</surName>
            </individualName>
            <organizationName>VertNet</organizationName>
            <positionName>Project Manager</positionName>
            <electronicMailAddress>dbloom@vertnet.org</electronicMailAddress>
            <onlineUrl>http://www.vertnet.org</onlineUrl>
            <role>PROGRAMMER</role>
        </associatedParty>
        <pubDate>
                2024-12-26
        </pubDate>
        <language>ENGLISH</language>
        <abstract>
            <para>The Charles R. Conner Museum&amp;#39;s Mammal Collection currently includes approximately 39,000 mammal specimens. Most of the mammal specimens are prepared as study skins and/or skulls. We also have 6,600 post-cranial skeletons (i.e., the skeleton other than the skull), 500 bacula and 143 fluid-preserved specimens. The fluid specimens are mostly mammal embryos and most are not available for dissection.</para>
        </abstract>
        <keywordSet>
            <keyword>Occurrence</keyword>
            <keywordThesaurus>GBIF Dataset Type Vocabulary: http://rs.gbif.org/vocabulary/gbif/dataset_type.xml</keywordThesaurus>
        </keywordSet>
        <keywordSet>
            <keyword>Specimen</keyword>
            <keywordThesaurus>GBIF Dataset Type Vocabulary: http://rs.gbif.org/vocabulary/gbif/dataset_type.xml</keywordThesaurus>
        </keywordSet>
        <keywordSet>
            <keyword>Occurrence</keyword>
            <keywordThesaurus>GBIF Dataset Type Vocabulary: http://rs.gbif.org/vocabulary/gbif/dataset_type_2015-07-10.xml</keywordThesaurus>
        </keywordSet>
        <keywordSet>
            <keyword>Specimen</keyword>
            <keywordThesaurus>GBIF Dataset Subtype Vocabulary: http://rs.gbif.org/vocabulary/gbif/dataset_subtype.xml</keywordThesaurus>
        </keywordSet>
        <additionalInfo>
            <para>Arctos Data Ownership and Use: http://arctosdb.org/home/data/; https://vertnet.org/resources/norms.html</para>
        </additionalInfo>
        <intellectualRights>
            <para>This work is licensed under a <ulink url="http://creativecommons.org/licenses/by-nc/4.0/legalcode"><citetitle>Creative Commons Attribution Non Commercial (CC-BY-NC) 4.0 License</citetitle></ulink>.</para>
        </intellectualRights>
        <licensed>
            <licenseName>Creative Commons Attribution Non Commercial 4.0 International</licenseName>
            <url>https://spdx.org/licenses/CC-BY-NC-4.0.html</url>
            <identifier>CC-BY-NC-4.0</identifier>
        </licensed>
        <distribution scope="document">
            <online>
                <url function="information">https://sbs.wsu.edu/conner-museum/</url>
            </online>
        </distribution>
        <distribution scope="document">
            <online>
                <url function="download">https://ipt.vertnet.org/archive.do?r=crcm_mamm</url>
            </online>
        </distribution>
        <coverage>
            <geographicCoverage>
                <geographicDescription>Primarily the Western United States, but includes specimen from all over the world.</geographicDescription>
                <boundingCoordinates>
                    <westBoundingCoordinate>-124</westBoundingCoordinate>
                    <eastBoundingCoordinate>-89</eastBoundingCoordinate>
                    <northBoundingCoordinate>49</northBoundingCoordinate>
                    <southBoundingCoordinate>25</southBoundingCoordinate>
                </boundingCoordinates>
            </geographicCoverage>
            <taxonomicCoverage>
                <generalTaxonomicCoverage>Mammals</generalTaxonomicCoverage>
                <taxonomicClassification>
                    <taxonRankName>Class</taxonRankName>
                    <taxonRankValue>Mammalia</taxonRankValue>
                </taxonomicClassification>
            </taxonomicCoverage>
        </coverage>
        <purpose><para>Education and research.</para></purpose>
        <maintenance>
            <description>
                <para></para>
            </description>
            <maintenanceUpdateFrequency>monthly</maintenanceUpdateFrequency>
        </maintenance>
        <contact>
            <individualName>
                <givenName>Jessica</givenName>
                <surName>Tir</surName>
            </individualName>
            <organizationName>Charles R. Conner Museum, Washington State University</organizationName>
            <positionName>Collections Manager</positionName>
            <address>
                <deliveryPoint>School of Biological Sciences, Box 644236</deliveryPoint>
                <city>Pullman</city>
                <administrativeArea>Washington</administrativeArea>
                <postalCode>99164-4236</postalCode>
                <country>UNITED_STATES</country>
            </address>
            <electronicMailAddress>jessica.tir@wsu.edu</electronicMailAddress>
            <onlineUrl>https://sbs.wsu.edu/conner-museum/</onlineUrl>
        </contact>

    </dataset>

    <additionalMetadata>
        <metadata>
            <gbif>
                <dateStamp>2025-02-13T18:20:29Z</dateStamp>
                <citation>Tir J, Cassidy K (2024). Washington State University, Charles R. Conner Museum Mammal Specimens (Arctos). Version 1.7. Charles R. Conner Museum. Occurrence dataset https://doi.org/10.15468/75jmhs accessed via GBIF.org on 2025-02-13.</citation>
                <collection>
                    <parentCollectionIdentifier>CRCM</parentCollectionIdentifier>
                    <collectionIdentifier>https://arctos.database.museum/collection/CRCM:Mamm</collectionIdentifier>
                    <collectionName>Washington State University, Charles R. Conner Museum Mammal specimens</collectionName>
                </collection>
                <specimenPreservationMethod>OTHER</specimenPreservationMethod>
                <livingTimePeriod>1800 to present</livingTimePeriod>
            </gbif>
        </metadata>
    </additionalMetadata>
    </eml:eml>
