<?xml version="1.0" encoding="utf-8"?>
<eml:eml xmlns:eml="https://eml.ecoinformatics.org/eml-2.2.0" xmlns:xsi="http://www.w3.org/2001/XMLSchema-instance"
         xsi:schemaLocation="https://eml.ecoinformatics.org/eml-2.2.0 https://rs.gbif.org/schema/eml-gbif-profile/1.3/eml.xsd"
packageId="fe127afe-2458-4e9a-8b06-f7f4730d4103"  system="http://gbif.org" scope="system"
xml:lang="en">
    <dataset>
        <alternateIdentifier>10.15468/fhcxhu</alternateIdentifier>
        <alternateIdentifier>https://ipt.ipae.uran.ru/resource?r=ipae_small_mammals_2021</alternateIdentifier>
        <alternateIdentifier>http://gbif.ru:8080/ipt/resource?r=small_mammals_2021</alternateIdentifier>
        <alternateIdentifier>fe127afe-2458-4e9a-8b06-f7f4730d4103</alternateIdentifier>
        <title>Small mammals of background areas in the vicinity of the Karabash copper smelter (Southern Ural, Russia)</title>
        <creator>
            <individualName>
                <givenName>Svetlana</givenName>
                <surName>Mukhacheva</surName>
            </individualName>
            <organizationName>Institute of Plant and Animal Ecology (IPAE UB RAS)</organizationName>
            <positionName>senior researcher</positionName>
            <address>
                <city>Ekaterinburg</city>
                <country>RUSSIAN_FEDERATION</country>
            </address>
            <electronicMailAddress>mukhacheva@mail.ru</electronicMailAddress>
            <onlineUrl>https://ipae.uran.ru/user/187</onlineUrl>
            <userId directory="http://orcid.org/">0000-0002-5114-4878</userId>
        </creator>
        <creator>
            <individualName>
                <givenName>Yulia</givenName>
                <surName>Davydova</surName>
            </individualName>
            <organizationName>Institute of Plant and Animal Ecology (IPAE UB RAS)</organizationName>
            <positionName>senior researcher</positionName>
            <address>
                <city>Ekaterinburg</city>
                <country>RUSSIAN_FEDERATION</country>
            </address>
            <onlineUrl>https://ipae.uran.ru/user/153</onlineUrl>
            <userId directory="http://orcid.org/">0000-0002-3721-629X</userId>
        </creator>
        <creator>
            <individualName>
                <givenName>Artëm</givenName>
                <surName>Sozontov</surName>
            </individualName>
            <organizationName>Institute of Plant and Animal Ecology (IPAE UB RAS)</organizationName>
            <positionName>researcher</positionName>
            <address>
                <city>Ekaterinburg</city>
                <country>RUSSIAN_FEDERATION</country>
            </address>
            <onlineUrl>https://ipae.uran.ru/Sozontov_AN</onlineUrl>
            <userId directory="http://orcid.org/">0000-0003-4297-6629</userId>
        </creator>
        <metadataProvider>
            <individualName>
                <givenName>Svetlana</givenName>
                <surName>Mukhacheva</surName>
            </individualName>
            <organizationName>Institute of Plant and Animal Ecology (IPAE UB RAS)</organizationName>
            <positionName>senior researcher</positionName>
            <address>
                <city>Ekaterinburg</city>
                <country>RUSSIAN_FEDERATION</country>
            </address>
            <electronicMailAddress>mukhacheva@mail.ru</electronicMailAddress>
            <onlineUrl>https://ipae.uran.ru/user/187</onlineUrl>
            <userId directory="http://orcid.org/">0000-0002-5114-4878</userId>
        </metadataProvider>
        <metadataProvider>
            <individualName>
                <givenName>Yulia</givenName>
                <surName>Davydova</surName>
            </individualName>
            <organizationName>Institute of Plant and Animal Ecology (IPAE UB RAS)</organizationName>
            <positionName>senior researcher</positionName>
            <address>
                <city>0000-0003-4297-6629</city>
                <country>RUSSIAN_FEDERATION</country>
            </address>
            <electronicMailAddress>davydova@ipae.uran.ru</electronicMailAddress>
            <onlineUrl>https://ipae.uran.ru/user/153</onlineUrl>
            <userId directory="http://orcid.org/">0000-0002-3721-629X</userId>
        </metadataProvider>
        <metadataProvider>
            <individualName>
                <givenName>Artëm</givenName>
                <surName>Sozontov</surName>
            </individualName>
            <organizationName>Institute of Plant and Animal Ecology (IPAE UB RAS)</organizationName>
            <address>
                <city>Ekaterinburg</city>
                <country>RUSSIAN_FEDERATION</country>
            </address>
            <onlineUrl>https://ipae.uran.ru/Sozontov_AN</onlineUrl>
            <userId directory="http://orcid.org/">0000-0003-4297-6629</userId>
        </metadataProvider>
        <pubDate>
                2022-02-21
        </pubDate>
        <language>ENGLISH</language>
        <abstract>
            The dataset contains records of small mammals (Eulipotyphla and Rodentia) collected on the background areas in the vicinity of the Karabash copper smelter (Southern Ural, Russia) and the territory of the Sultanovskoye deposit of copper-pyrite ores before the start of its development. Data were collected during the snowless period in 2007 (16 sampling points), 2008-2010 (13 points), 2011 (30 points), and 2012–2014 (19 points). The capture of animals was carried out in different types of forests (pine, birch, mixed and floodplain), sparse birch stand, swamp (reed, bogged), marshy and dry meadow, border areas, a dump of household waste, ruderal vegetation, and shift camp. Our studies of small mammals were conducted by trap lines (snap- and live-traps). During the study period, 710 specimens of small mammals were caught, which belong to 5 species of shrews and 13 species of rodents. 
The dataset can help study regional fauna, the species distribution in different habitats and be used as reference values for environmental monitoring and conservation activities. We have published several faunal and analytical works based on the materials collected in 2007 (Mukhacheva et al., 2009), in 2008–2010 (Kshnyasev et al., 2010; Mukhacheva et al., 2010a, 2010b; Mukhacheva, Davydova, 2012), in 2011 (Mukhacheva et al., 2012); and 2012–2014 (Mukhacheva, Davydova, 2016a, 2016b).
        </abstract>
        <keywordSet>
            <keyword>data paper</keyword>
            <keyword>insectivores</keyword>
            <keyword>landscape-biotopic diversity</keyword>
            <keyword>environmental heterogeneity</keyword>
            <keyword>biological diversity</keyword>
            <keyword>industrial pollution</keyword>
            <keyword>small mammals</keyword>
            <keyword>Samplingevent</keyword>
            <keyword>occurrence records</keyword>
            <keyword>rodents</keyword>
            <keywordThesaurus>GBIF Dataset Type Vocabulary: http://rs.gbif.org/vocabulary/gbif/dataset_type_2015-07-10.xml</keywordThesaurus>
        </keywordSet>
        <intellectualRights>
            <para>This work is licensed under a <ulink url="http://creativecommons.org/licenses/by/4.0/legalcode"><citetitle>Creative Commons Attribution (CC-BY) 4.0 License</citetitle></ulink>.</para>
        </intellectualRights>
        <licensed>
            <licenseName>Creative Commons Attribution 4.0 International</licenseName>
            <url>https://spdx.org/licenses/CC-BY-4.0.html</url>
            <identifier>CC-BY-4.0</identifier>
        </licensed>
        <distribution scope="document">
            <online>
                <url function="download">https://ipt.ipae.uran.ru/archive.do?r=ipae_small_mammals_2021</url>
            </online>
        </distribution>
        <coverage>
            <geographicCoverage>
                <geographicDescription>The data were collected on five administrative districts (Kyshtymsky, Karabashsky, Kunashaksky, Argayashsky, and Miassky) of the Chelyabinsk oblast Russia.</geographicDescription>
                <boundingCoordinates>
                    <westBoundingCoordinate>60.124</westBoundingCoordinate>
                    <eastBoundingCoordinate>61.764</eastBoundingCoordinate>
                    <northBoundingCoordinate>55.718</northBoundingCoordinate>
                    <southBoundingCoordinate>55.231</southBoundingCoordinate>
                </boundingCoordinates>
            </geographicCoverage>
            <temporalCoverage>
                <rangeOfDates>
                    <beginDate>
                        <calendarDate>                2007-06-23
</calendarDate>
                    </beginDate>
                    <endDate>
                        <calendarDate>                2014-07-17
</calendarDate>
                    </endDate>
                </rangeOfDates>
            </temporalCoverage>
            <taxonomicCoverage>
                <taxonomicClassification>
                    <taxonRankName>Class</taxonRankName>
                    <taxonRankValue>Mammalia</taxonRankValue>
                </taxonomicClassification>
                <taxonomicClassification>
                    <taxonRankName>Order</taxonRankName>
                    <taxonRankValue>Eulipotyphla</taxonRankValue>
                </taxonomicClassification>
                <taxonomicClassification>
                    <taxonRankName>Order</taxonRankName>
                    <taxonRankValue>Rodentia</taxonRankValue>
                </taxonomicClassification>
                <taxonomicClassification>
                    <taxonRankName>Family</taxonRankName>
                    <taxonRankValue>Soricidae</taxonRankValue>
                </taxonomicClassification>
                <taxonomicClassification>
                    <taxonRankName>Family</taxonRankName>
                    <taxonRankValue>Dipodidae</taxonRankValue>
                </taxonomicClassification>
                <taxonomicClassification>
                    <taxonRankName>Family</taxonRankName>
                    <taxonRankValue>Sciuridae</taxonRankValue>
                </taxonomicClassification>
                <taxonomicClassification>
                    <taxonRankName>Family</taxonRankName>
                    <taxonRankValue>Cricetidae</taxonRankValue>
                </taxonomicClassification>
                <taxonomicClassification>
                    <taxonRankName>Family</taxonRankName>
                    <taxonRankValue>Muridae</taxonRankValue>
                </taxonomicClassification>
            </taxonomicCoverage>
        </coverage>
        <purpose><para>The purpose is to describe a dataset on occurrence records of small mammals (Eulipotyphla and Rodentia) in the main habitat types on the background (unpolluted) areas of the Chelyabinsk oblast (Southern Ural, Russia). This dataset is part of our long-term researches of small mammal communities inhabiting areas with different levels of industrial pollution.</para></purpose>
        <maintenance>
            <description>
                <para></para>
            </description>
            <maintenanceUpdateFrequency>notPlanned</maintenanceUpdateFrequency>
        </maintenance>
        <contact>
            <individualName>
                <givenName>Svetlana</givenName>
                <surName>Mukhacheva</surName>
            </individualName>
            <organizationName>Institute of Plant and Animal Ecology (IPAE UB RAS)</organizationName>
            <positionName>senior researcher</positionName>
            <address>
                <city>Ekaterinburg</city>
                <country>RUSSIAN_FEDERATION</country>
            </address>
            <electronicMailAddress>mukhacheva@mail.ru</electronicMailAddress>
            <onlineUrl>https://ipae.uran.ru/user/187</onlineUrl>
            <userId directory="http://orcid.org/">0000-0002-5114-4878</userId>
        </contact>
        <contact>
            <individualName>
                <givenName>Yulia</givenName>
                <surName>Davydova</surName>
            </individualName>
            <organizationName>Institute of Plant and Animal Ecology (IPAE UB RAS)</organizationName>
            <positionName>senior researcher</positionName>
            <address>
                <city>Ekaterinburg</city>
                <country>RUSSIAN_FEDERATION</country>
            </address>
            <electronicMailAddress>davydova@ipae.uran.ru</electronicMailAddress>
            <onlineUrl>https://ipae.uran.ru/user/153</onlineUrl>
            <userId directory="http://orcid.org/">0000-0002-3721-629X</userId>
        </contact>
        <contact>
            <individualName>
                <givenName>Artëm</givenName>
                <surName>Sozontov</surName>
            </individualName>
            <organizationName>Institute of Plant and Animal Ecology (IPAE UB RAS)</organizationName>
            <positionName>researcher</positionName>
            <address>
                <city>Ekaterinburg</city>
                <country>RUSSIAN_FEDERATION</country>
            </address>
            <electronicMailAddress>A.N.Sozontov@gmail.com</electronicMailAddress>
            <onlineUrl>https://ipae.uran.ru/Sozontov_AN</onlineUrl>
            <userId directory="http://orcid.org/">0000-0003-4297-6629</userId>
        </contact>
        <methods>
            <methodStep>
                <description>
                    <para>-</para>
                </description>
            </methodStep>
            <sampling>
                <studyExtent>
                    <description>
                        <para>The dataset includes the occurrence of species small insectivores (Eulipotyphla) and rodents (Rodentia) within five administrative districts of the Chelyabinsk oblast (Southern Urals, Russia). The collection of animals was carried out for eight years (2007–2014) during the snowless period: in June-July (2007, 2011–2014) or September-October (2008–2010). In total, there are 78 observed sampling points, which are reduced to 14 main types of biotopes: forests (pine, birch, mixed, and floodplain), sparse birch stand, meadows (marshy, dry), swamps (reed, bogged), border areas (pine forest-reed swamp, birch forest-dry meadow), a dump of household waste, ruderal vegetation, and shift camp.</para>
                    </description>
                </studyExtent>
                <samplingDescription>
                    <para>Field studies were carried out using commonly accepted methods. Sampling was designed to cover the main habitat types for small mammals. The animals were caught using wooden traps (snap- or live-traps) arranged in lines (10 to 25 traps each) at a distance of 7–10 m from each other and exposed for 2–4 days, inspected once a day. In 2012–2014, modified lines were used to capture animals, consisting of alternating snap-traps and live-traps (3: 1). It allowed keeping records of animals in small-sized areas (which fit into the selected biotope options with a high mosaic habitat) while at the same time catching species that “prefer” different caught gear. Each specimen was individually marking, aged, and sexed. In addition, the following biometric parameters were taken: body length, tail length, hind leg length, and weight. Finally, the animals were identified to the species level using appropriate identification keys (Gromov, Erbaeva, 1995; Zaitsev et al., 2014).</para>
                </samplingDescription>
            </sampling>
            <qualityControl>
                <description>
                    <para>Collected materials (sculls and samples of organs) are stored at the Institute of Plant and Animal Ecology (IPAE UB RAS, Yekaterinburg). All captured animals were determined to species level by qualified technicians.</para>
                </description>
            </qualityControl>
        </methods>

            <project id="N-Eurasia-Russia2021">
                <title>Russia 2021</title>
                <personnel>
                    <individualName>
                    <givenName>Svetlana</givenName>
                    <surName>Mukhacheva</surName>
                    </individualName>
            <userId directory="http://orcid.org/">0000-0002-5114-4878</userId>
                    <role>AUTHOR</role>
                </personnel>
                <personnel>
                    <individualName>
                    <givenName>Davydova</givenName>
                    <surName>Yulia</surName>
                    </individualName>
            <userId directory="http://orcid.org/">0000-0002-3721-629X</userId>
                    <role>AUTHOR</role>
                </personnel>
                <personnel>
                    <individualName>
                    <givenName>Artëm</givenName>
                    <surName>Sozontov</surName>
                    </individualName>
            <userId directory="http://orcid.org/">0000-0003-4297-6629</userId>
                    <role>AUTHOR</role>
                </personnel>
                <abstract>
                    <para>The dataset contains records of small mammals (Eulipotyphla and Rodentia) collected on the background areas in the vicinity of the Karabash copper smelter (Southern Ural, Russia) and the territory of the Sultanovskoye deposit of copper-pyrite ores before the start of its development. Data were collected during the snowless period in 2007 (16 sampling points), 2008-2010 (13 points), 2011 (30 points), and 2012–2014 (19 points). The capture of animals was carried out in different types of forests (pine, birch, mixed and floodplain), sparse birch stand, swamp (reed, bogged), marshy and dry meadow, border areas, a dump of household waste, ruderal vegetation, and shift camp. Our studies of small mammals were conducted by trap lines (snap- and live-traps). During the study period, 710 specimens of small mammals were caught, which belong to 5 species of shrews and 13 species of rodents. 
The dataset can help study regional fauna, the species distribution in different habitats and be used as reference values for environmental monitoring and conservation activities. We have published several faunal and analytical works based on the materials collected in 2007 (Mukhacheva et al., 2009), in 2008–2010 (Kshnyasev et al., 2010; Mukhacheva et al., 2010a, 2010b; Mukhacheva, Davydova, 2012), in 2011 (Mukhacheva et al., 2012); and 2012–2014 (Mukhacheva, Davydova, 2016a, 2016b).</para>
                </abstract>
                <funding>
                    <para>N-Eurasia-Russia2021</para>
                </funding>
                <studyAreaDescription>
                    <descriptor name="generic" citableClassificationSystem="false">
                        <descriptorValue>The data were collected on the territory of 5 districts of the Chelyabinsk region, Russia.</descriptorValue>
                    </descriptor>
                </studyAreaDescription>
                <designDescription>
                    <description>
                        <para>The dataset includes the occurrence of species small insectivores (Eulipotyphla) and rodents (Rodentia) within five administrative districts of the Chelyabinsk oblast (Southern Urals, Russia). The collection of animals was carried out for eight years (2007–2014) during the snowless period: in June-July (2007, 2011–2014) or September-October (2008–2010). In total, there are 78 observed sampling points, which are reduced to 14 main types of biotopes: forests (pine, birch, mixed, and floodplain), sparse birch stand, meadows (marshy, dry), swamps (reed, bogged), border areas (pine forest-reed swamp, birch forest-dry meadow), a dump of household waste, ruderal vegetation, and shift camp.</para>
                    </description>
                </designDescription>
            </project>
    </dataset>

    <additionalMetadata>
        <metadata>
            <gbif>
                <dateStamp>2025-02-13T18:19:56Z</dateStamp>
                <citation>Mukhacheva S, Davydova Y, Sozontov A (2022). Small mammals of background areas in the vicinity of the Karabash copper smelter (Southern Ural, Russia). Institute of Plant and Animal Ecology (IPAE). Sampling event dataset https://doi.org/10.15468/fhcxhu accessed via GBIF.org on 2025-02-13.</citation>
                <bibliography>
                <citation>Gromov, I.M. and Erbaeva, M.A. (1995). Mlekopitayushchie fauny Rossii i sopredel’nykh territorii. Zaitseobraznye i gryzuny (Mammals in the Fauna of Russia and Bordering Territories: Lagomorphs and Rodents), St. Petersburg: Zool. Inst. Ross. Akad. Nauk</citation>
                <citation>Zaitsev, M.V., Voita, L.L., and Sheftel’, B.I. (2014). Mlekopitayushchie fauny Rossii i sopredel’nykh territorii. Nasekomoyadnye (Mammals in the Fauna of Russia and Bordering Territories: Insectivores), St. Petersburg: Zool. Inst. Ross. Akad. Nauk</citation>
                <citation>Kshnyasev I.A., Mukhacheva S.V., Davydova Yu.A. (2010) Shrew abundance near Karabash copper smelter, Ural Mountains, one of the most polluted areas in the world. Advances in biology of shrews III. Materials of the Intern. conf. September 14–17, Syktyvkar, Komi Republic, Russia. Moscow, КМК. 2010. P. 32.</citation>
                <citation>Mammal Species of the World. A Taxonomic and Geographic Reference, 3rd ed., Wilson, D.E. and Reeder, D.M., Eds., Baltimore: Johns Hopkins Univ. Press, 2005.</citation>
                <citation>Mukhacheva S.V., Davydova Yu.A. (2012). How the diversity of small mammal communities changes in the area of operation of copper smelting enterprises // Biological systems: stability, principles and mechanisms of functioning. N. Tagil, 2012. Publishing house: NGSPA, Vol. 2. pp. 90-93.  [In Russian].</citation>
                <citation>Mukhacheva S.V., Davydova Yu.A. (2016a). Small mammal communities in the impacted areas: the importance of landscape-ecological diversity consideration // Principy èkologii.  Vol. 5. № 3. 104.</citation>
                <citation>Mukhacheva S.V., Davydova Yu.A. (2016b). Changes in the biodiversity of small mammals of impact regions in a heterogeneous environment // Teriofauna of Russia and adjacent territories. X Congress of the Theriol. Soc. RAS). Moscow: Association of Scientific Publ. CMC. p. 274. [In Russian].</citation>
                <citation>Mukhacheva S.V., Davydova Yu.A., Vorobeichik E.L. (2012) The role of heterogeneity of the environment in preservation of the diversity of small mammals under the conditions of strong industrial pollution // Doklady Biological Sciences 447 (1): 338–341. https://doi.org/10.1134/S0012496612010206</citation>
                <citation>Mukhacheva S.V., Berdyugin K.I., Davydova Yu.A. (2009) The experience of using small mammals to assess the state of natural ecosystems // Agrarian Bulletin of the Urals. №. 3. pp. 65-68. [In Russian].</citation>
                <citation>Mukhacheva SV, Davydova YuA, Kshnyasev IA (2010a) Responses of small mammal community to environmental pollution by emissions from a copper smelter. Russian Journal of Ecology 41 (6): 513–518. https://doi.org/10.1134/S1067413610060081</citation>
                <citation>Mukhacheva SV, Davydova YuA, Kshnyasev IA (2010b) The population of small mammals in the vicinity of the Karabash copper smelter // Materials conf. Miass-Yekaterinburg: Ural Branch RAS, pp. 149-153. [In Russian].</citation>
                <citation>Berdyugin K.I., Davydova Yu.A. Kshnyasev I.A., Mukhacheva S.V. (2011) The role of landscape heterogeneity in the diversity of small mammals of impact territories // Theriofauna of Russia and adjacent territories. IX Congress of the Theriol. Soc. RA S. Moscow: Association of Scientific Publ. CMC. p. 53. [In Russian].</citation>
                <citation identifier="https://doi.org/10.3897/BDJ.10.e76215">Mukhacheva S, Davydova Y, Sozontov A (2022) Small mammals of background areas in the vicinity of the Karabash copper smelter (Southern Urals, Russia). Biodiversity Data Journal 10: e76215.</citation>
                </bibliography>
            </gbif>
        </metadata>
    </additionalMetadata>
    </eml:eml>
